Distance,Speed,Throttle,Brake,Time
0.0,301.93333333333334,100.0,0.0,4489.378
2.0,302.1264917608893,100.0,0.0,4489.40117905626
4.0,302.3243077946133,100.0,0.0,4489.424916989978
6.0,302.52200707447287,100.0,0.0,4489.448640887579
8.0,302.7197063543324,100.0,0.0,4489.47236478518
10.0,302.917405634192,100.0,0.0,4489.49608868278
12.0,303.1145355191257,100.0,0.0,4489.519744262296
14.0,303.3112568306011,100.0,0.0,4489.543350819672
16.0,303.5079781420765,100.0,0.0,4489.566957377049
18.0,303.70469945355194,100.0,0.0,4489.590563934426
20.0,303.9014207650273,100.0,0.0,4489.614170491804
22.0,304.0981420765027,100.0,0.0,4489.637777049181
24.0,304.2948633879781,100.0,0.0,4489.661383606557
26.0,304.49158469945354,100.0,0.0,4489.684990163934
28.0,304.68830601092895,100.0,0.0,4489.708596721312
30.0,304.88502732240437,100.0,0.0,4489.732203278689
32.0,305.1213746544427,100.0,0.0,4489.755709977327
34.0,305.41345269989307,100.0,0.0,4489.779076232927
36.0,305.7055307453434,100.0,0.0,4489.802442488526
38.0,305.99760879079383,100.0,0.0,4489.825808744125
40.0,306.2896868362442,100.0,0.0,4489.849174999726
42.0,306.5816712178949,100.0,0.0,4489.872533761431
44.0,306.87232927001327,100.0,0.0,4489.895786405601
46.0,307.1629873221317,100.0,0.0,4489.919039049771
48.0,307.4536453742501,100.0,0.0,4489.94229169394
50.0,307.7443034263685,100.0,0.0,4489.96554433811
52.0,308.0349614784869,100.0,0.0,4489.988796982279
54.0,308.3256195306053,100.0,0.0,4490.012049626448
56.0,308.61636372829247,100.0,0.0,4490.035309154384
58.0,308.90748737461354,100.0,0.0,4490.058599003502
60.0,309.0,100.0,0.0,4490.08189644013
62.0,309.0,100.0,0.0,4490.105197411003
64.0,309.0,100.0,0.0,4490.128498381877
66.0,309.0,100.0,0.0,4490.1517993527505
68.0,309.0,100.0,0.0,4490.175100323624
70.0,309.0,100.0,0.0,4490.198401294498
72.0,309.0,100.0,0.0,4490.221702265372
74.0,309.2361754648008,100.0,0.0,4490.244894037183
76.0,309.525537856649,100.0,0.0,4490.268043028532
78.0,309.8149002484972,100.0,0.0,4490.291192019879
80.0,310.10426264034544,100.0,0.0,4490.314341011228
82.0,310.39362503219365,100.0,0.0,4490.337490002576
84.0,310.68298742404187,100.0,0.0,4490.360638993923
86.0,310.9723498158901,100.0,0.0,4490.383787985272
88.0,311.14892710628953,100.0,0.0,4490.406849794881
90.0,311.31358852602,100.0,0.0,4490.429902393643
92.0,311.47824994575046,100.0,0.0,4490.4529549924055
94.0,311.6429113654809,100.0,0.0,4490.476007591167
96.0,311.8073524184376,100.0,0.0,4490.499029338581
98.0,311.9714531405605,100.0,0.0,4490.522003439678
100.0,312.1355538626835,100.0,0.0,4490.544977540776
102.0,312.29965458480643,100.0,0.0,4490.567951641873
104.0,312.4637553069294,100.0,0.0,4490.59092574297
106.0,312.6278560290523,100.0,0.0,4490.613899844067
108.0,312.79195675117523,100.0,0.0,4490.636873945165
110.0,312.9560574732982,100.0,0.0,4490.659848046262
112.0,313.08358529217674,100.0,0.0,4490.682758852785
114.0,313.1977381949977,100.0,0.0,4490.705646512126
116.0,313.3118910978187,100.0,0.0,4490.728534171468
118.0,313.42604400063976,100.0,0.0,4490.75142183081
120.0,313.54019690346075,100.0,0.0,4490.774309490151
122.0,313.65434980628174,100.0,0.0,4490.797197149493
124.0,313.76850270910273,100.0,0.0,4490.820084808834
126.0,313.8826556119238,100.0,0.0,4490.8429724681755
128.0,313.99680851474477,100.0,0.0,4490.8658601275165
130.0,314.11096141756576,100.0,0.0,4490.888747786858
132.0,314.22510348172307,100.0,0.0,4490.911633272882
134.0,314.3388659948563,100.0,0.0,4490.934442653125
136.0,314.4526285079896,100.0,0.0,4490.957252033368
138.0,314.5663910211228,100.0,0.0,4490.98006141361
140.0,314.6801535342561,100.0,0.0,4491.002870793854
142.0,314.7939160473893,100.0,0.0,4491.025680174096
144.0,314.9076785605226,100.0,0.0,4491.048489554339
146.0,315.02681476675195,100.0,0.0,4491.07129036268
148.0,315.16908913713803,100.0,0.0,4491.094054261942
150.0,315.3113635075241,100.0,0.0,4491.116818161204
152.0,315.4536378779102,100.0,0.0,4491.139582060466
154.0,315.59575776355734,100.0,0.0,4491.162321242169
156.0,315.7377221844003,100.0,0.0,4491.1850355495035
158.0,315.8796866052432,100.0,0.0,4491.207749856839
160.0,316.0216510260861,100.0,0.0,4491.230464164173
162.0,316.163615446929,100.0,0.0,4491.253178471508
164.0,316.3055798677719,100.0,0.0,4491.275892778844
166.0,316.44754428861484,100.0,0.0,4491.298607086178
168.0,316.5893374118782,100.0,0.0,4491.3212939859
170.0,316.73092485786185,100.0,0.0,4491.343947977258
172.0,316.87251230384555,100.0,0.0,4491.366601968615
174.0,317.0160988146284,100.0,0.0,4491.389253834048
176.0,317.17734521813895,100.0,0.0,4491.411828330539
178.0,317.3385568986593,100.0,0.0,4491.434397965812
180.0,317.49976857917966,100.0,0.0,4491.456967601085
182.0,317.66098025970007,100.0,0.0,4491.479537236358
184.0,317.8221919402204,100.0,0.0,4491.5021068716305
186.0,317.9834036207408,100.0,0.0,4491.524676506904
188.0,318.1446153012612,100.0,0.0,4491.547246142177
190.0,318.30582698178154,100.0,0.0,4491.56981577745
192.0,318.4670386623019,100.0,0.0,4491.592385412722
194.0,318.62825034282224,100.0,0.0,4491.614955047995
196.0,318.78946202334265,100.0,0.0,4491.637524683269
198.0,318.950673703863,100.0,0.0,4491.660094318541
200.0,319.0558332913522,100.0,0.0,4491.682633321579
202.0,319.13628149982446,100.0,0.0,4491.705158819951
204.0,319.2166545639743,100.0,0.0,4491.727663277913
206.0,319.29700132009594,100.0,0.0,4491.750160369627
208.0,319.3773480762176,100.0,0.0,4491.772657461341
210.0,319.4576948323392,100.0,0.0,4491.795154553055
212.0,319.5380415884609,100.0,0.0,4491.817651644769
214.0,319.6183883445825,100.0,0.0,4491.840148736483
216.0,319.69873510070414,100.0,0.0,4491.862645828197
218.0,319.77908185682577,100.0,0.0,4491.885142919911
220.0,319.8594286129474,100.0,0.0,4491.907640011625
222.0,319.939775369069,100.0,0.0,4491.930137103339
224.0,320.0175071569166,100.0,0.0,4491.952602290214
226.0,320.08765269381115,100.0,0.0,4491.975048862019
228.0,320.1577982307057,100.0,0.0,4491.997495433826
230.0,320.2279437676002,100.0,0.0,4492.019942005632
232.0,320.2980893044948,100.0,0.0,4492.042388577439
234.0,320.3682348413893,100.0,0.0,4492.064835149245
236.0,320.43838037828385,100.0,0.0,4492.087281721051
238.0,320.5085259151784,100.0,0.0,4492.109728292858
240.0,320.57866504477244,100.0,0.0,4492.1321728143275
242.0,320.6486881659238,100.0,0.0,4492.154580213096
244.0,320.71871128707505,100.0,0.0,4492.176987611864
246.0,320.7887344082264,100.0,0.0,4492.1993950106325
248.0,320.8587575293777,100.0,0.0,4492.221802409401
250.0,320.928780650529,100.0,0.0,4492.244209808169
252.0,320.99880377168034,100.0,0.0,4492.266617206938
254.0,321.09164486966074,100.0,0.0,4492.288994768718
256.0,321.18488254968867,100.0,0.0,4492.311371811925
258.0,321.27812022971654,100.0,0.0,4492.333748855132
260.0,321.37135790974446,100.0,0.0,4492.356125898339
262.0,321.46456359525365,100.0,0.0,4492.378495262861
264.0,321.5577058536761,100.0,0.0,4492.400849404882
266.0,321.6508481120986,100.0,0.0,4492.423203546904
268.0,321.7439903705211,100.0,0.0,4492.445557688925
270.0,321.8370812090889,100.0,0.0,4492.4678994901815
272.0,321.93015550049256,100.0,0.0,4492.490237320118
274.0,322.0174036905004,100.0,0.0,4492.51256918096
276.0,322.0871346708023,100.0,0.0,4492.534883094657
278.0,322.1568656511042,100.0,0.0,4492.557197008353
280.0,322.22659663140615,100.0,0.0,4492.57951092205
282.0,322.2963276117081,100.0,0.0,4492.601824835746
284.0,322.36605859201,100.0,0.0,4492.624138749443
286.0,322.43578957231193,100.0,0.0,4492.64645266314
288.0,322.5054170776784,100.0,0.0,4492.668733464857
290.0,322.57501809874276,100.0,0.0,4492.6910057915975
292.0,322.6446191198071,100.0,0.0,4492.713278118338
294.0,322.7142201408715,100.0,0.0,4492.735550445079
296.0,322.7838211619358,100.0,0.0,4492.7578227718195
298.0,322.8534221830002,100.0,0.0,4492.78009509856
300.0,322.9230232040645,100.0,0.0,4492.802367425301
302.0,322.99262422512885,100.0,0.0,4492.824639752042
304.0,323.07097837430774,100.0,0.0,4492.846873944806
306.0,323.15037006220825,100.0,0.0,4492.869103617419
308.0,323.2297617501087,100.0,0.0,4492.89133329003
310.0,323.3091534380092,100.0,0.0,4492.913562962643
312.0,323.38854512590973,100.0,0.0,4492.935792635255
314.0,323.46792173088704,100.0,0.0,4492.958018084649
316.0,323.54726567259763,100.0,0.0,4492.9802343883275
318.0,323.6266096143083,100.0,0.0,4493.002450692006
320.0,323.70595355601887,100.0,0.0,4493.024666995685
322.0,323.78529749772946,100.0,0.0,4493.046883299364
324.0,323.8646414394401,100.0,0.0,4493.0690996030435
326.0,323.9439853811507,100.0,0.0,4493.091315906722
328.0,324.0,100.0,0.0,4493.113534767009
330.0,324.0,100.0,0.0,4493.135756871016
332.0,324.0,100.0,0.0,4493.157978975023
334.0,324.0,100.0,0.0,4493.18020107903
336.0,324.0,100.0,0.0,4493.202423183036
338.0,324.0,100.0,0.0,4493.224645287043
340.0,324.0,100.0,0.0,4493.246867391051
342.0,324.0130200452034,100.0,0.0,4493.269083207232
344.0,324.1514902452988,100.0,0.0,4493.2912384392475
346.0,324.28996044539423,100.0,0.0,4493.313393671263
348.0,324.4284306454896,100.0,0.0,4493.335548903278
350.0,324.566900845585,100.0,0.0,4493.357704135294
352.0,324.7053710456804,100.0,0.0,4493.379859367308
354.0,324.8438221113188,100.0,0.0,4493.402011537811
356.0,324.9822538235562,100.0,0.0,4493.4241606117685
358.0,325.0,100.0,0.0,4493.446317619821
360.0,325.0,100.0,0.0,4493.46847579454
362.0,325.0,100.0,0.0,4493.490633969259
364.0,325.0,100.0,0.0,4493.512785884169
366.0,325.0,100.0,0.0,4493.534937693936
368.0,325.0,100.0,0.0,4493.557089503703
370.0,325.0,100.0,0.0,4493.57924131347
372.0,325.0,100.0,0.0,4493.601393123237
374.0,325.0,100.0,0.0,4493.623544933005
376.0,325.1166155027123,100.0,0.0,4493.645658480435
378.0,325.25478098231224,100.0,0.0,4493.66776495717
380.0,325.3929464619121,100.0,0.0,4493.689871433906
382.0,325.530908566087,100.0,0.0,4493.711945370574
384.0,325.6688597291052,100.0,0.0,4493.734017556657
386.0,325.80681089212334,100.0,0.0,4493.75608974274
388.0,325.9447620551415,100.0,0.0,4493.778161928823
390.0,326.0412576436608,100.0,0.0,4493.800202445972
392.0,326.11006816818195,100.0,0.0,4493.822221813818
394.0,326.1788786927031,100.0,0.0,4493.844241181665
396.0,326.24768921722426,100.0,0.0,4493.866260549512
398.0,326.3164997417454,100.0,0.0,4493.888279917359
400.0,326.38531026626663,100.0,0.0,4493.910299285206
402.0,326.4541207907878,100.0,0.0,4493.932318653052
404.0,326.52293131530894,100.0,0.0,4493.954338020899
406.0,326.5917418398301,100.0,0.0,4493.976357388746
408.0,326.66055236435125,100.0,0.0,4493.998376756593
410.0,326.7293628888724,100.0,0.0,4494.020396124439
412.0,326.79816646185634,100.0,0.0,4494.042413267794
414.0,326.86696357754226,100.0,0.0,4494.064428344814
416.0,326.93576069322825,100.0,0.0,4494.086443421833
418.0,327.0,100.0,0.0,4494.108459050637
420.0,327.0,100.0,0.0,4494.130482456475
422.0,327.0,100.0,0.0,4494.152505862313
424.0,327.0,100.0,0.0,4494.174529268152
426.0,327.0,100.0,0.0,4494.19655267399
428.0,327.0,100.0,0.0,4494.218576079828
430.0,327.0,100.0,0.0,4494.2405896964265
432.0,327.0,100.0,0.0,4494.26259064352
434.0,327.07313875906505,100.0,0.0,4494.2845533021755
436.0,327.164609849089,100.0,0.0,4494.306506363781
438.0,327.256080939113,100.0,0.0,4494.328459425386
440.0,327.34755202913703,100.0,0.0,4494.350412486992
442.0,327.43902311916105,100.0,0.0,4494.372365548598
444.0,327.530494209185,100.0,0.0,4494.394318610204
446.0,327.621965299209,100.0,0.0,4494.41627167181
448.0,327.71343638923304,100.0,0.0,4494.438224733415
450.0,327.80490747925705,100.0,0.0,4494.460177795021
452.0,327.89635263726854,100.0,0.0,4494.482124632944
454.0,327.9877725823459,100.0,0.0,4494.504065419763
456.0,328.0,100.0,0.0,4494.526012095639
458.0,328.0,100.0,0.0,4494.547959680794
460.0,328.0,100.0,0.0,4494.569907265948
462.0,328.0,100.0,0.0,4494.591854851103
464.0,328.0,100.0,0.0,4494.613802436257
466.0,328.0,100.0,0.0,4494.635750021411
468.0,328.0,100.0,0.0,4494.657697606565
470.0,328.0,100.0,0.0,4494.67964519172
472.0,328.0,100.0,0.0,4494.701592776874
474.0,328.0,100.0,0.0,4494.723540362028
476.0,328.0,100.0,0.0,4494.745493400826
478.0,328.0,100.0,0.0,4494.767449247625
480.0,328.0,100.0,0.0,4494.789405094425
482.0,328.0,100.0,0.0,4494.811360941225
484.0,328.0,100.0,0.0,4494.833316788025
486.0,328.0,100.0,0.0,4494.855272634824
488.0,328.0,100.0,0.0,4494.877228481624
490.0,328.0,100.0,0.0,4494.899184328424
492.0,328.0,100.0,0.0,4494.921138477968
494.0,328.0,100.0,0.0,4494.9430895044225
496.0,328.0,100.0,0.0,4494.965040530876
498.0,328.0,100.0,0.0,4494.98699155733
500.0,328.0,100.0,0.0,4495.008942583783
502.0,328.0,100.0,0.0,4495.030893610237
504.0,328.0,100.0,0.0,4495.052844636691
506.0,328.0323896332027,100.0,0.0,4495.0747735119685
508.0,328.12359235477464,100.0,0.0,4495.096662165146
510.0,328.2147950763466,100.0,0.0,4495.1185508183235
512.0,328.30599779791856,100.0,0.0,4495.1404394715
514.0,328.3972005194905,100.0,0.0,4495.1623281246775
516.0,328.4884032410625,100.0,0.0,4495.184216777855
518.0,328.57960596263445,100.0,0.0,4495.2061054310325
520.0,328.6708086842064,100.0,0.0,4495.227994084209
522.0,328.76196426531646,100.0,0.0,4495.249871423675
524.0,328.85311234220427,100.0,0.0,4495.271746962128
526.0,328.9442604190921,100.0,0.0,4495.2936225005815
528.0,329.0,100.0,0.0,4495.315501519756
530.0,329.0,100.0,0.0,4495.337386018236
532.0,329.0,100.0,0.0,4495.3592705167175
534.0,329.0,100.0,0.0,4495.381155015198
536.0,329.0,100.0,0.0,4495.403039513678
538.0,329.0,100.0,0.0,4495.424924012158
540.0,329.0,100.0,0.0,4495.446808510638
542.0,329.0,100.0,0.0,4495.468693009118
544.0,329.0,100.0,0.0,4495.490577507599
546.0,329.0,100.0,0.0,4495.512462006079
548.0,329.0,100.0,0.0,4495.534346504559
550.0,329.0,100.0,0.0,4495.556231003039
552.0,329.0,100.0,0.0,4495.57811550152
554.0,329.0,100.0,0.0,4495.6
556.0,329.0,100.0,0.0,4495.6218844984805
558.0,329.0,100.0,0.0,4495.643768996961
560.0,329.0,100.0,0.0,4495.665653495441
562.0,329.0,100.0,0.0,4495.687538830651
564.0,329.0,100.0,0.0,4495.709423258283
566.0,329.0,100.0,0.0,4495.731307685915
568.0,329.0,100.0,0.0,4495.753192113549
570.0,329.0,100.0,0.0,4495.775076541181
572.0,329.0,100.0,0.0,4495.796960968813
574.0,329.0,100.0,0.0,4495.818845396447
576.0,329.0,100.0,0.0,4495.840729824079
578.0,329.0,100.0,0.0,4495.862614251711
580.0,329.0,100.0,0.0,4495.884498679345
582.0,329.0,100.0,0.0,4495.906383106977
584.0,329.0,100.0,0.0,4495.928267534609
586.0,329.0103499646827,100.0,0.0,4495.950139987479
588.0,329.0649032192327,100.0,0.0,4495.971961297762
590.0,329.1194564737827,100.0,0.0,4495.993782608047
592.0,329.1740097283327,100.0,0.0,4496.015603918331
594.0,329.2285629828827,100.0,0.0,4496.037425228615
596.0,329.28311623743264,100.0,0.0,4496.059246538899
598.0,329.33766949198264,100.0,0.0,4496.081067849183
600.0,329.39222274653264,100.0,0.0,4496.102889159467
602.0,329.44676304142575,100.0,0.0,4496.12470528057
604.0,329.50129566964426,100.0,0.0,4496.146518331858
606.0,329.5558282978627,100.0,0.0,4496.168331383145
608.0,329.6103609260812,100.0,0.0,4496.190144434432
610.0,329.6648935542997,100.0,0.0,4496.21195748572
612.0,329.71942618251813,100.0,0.0,4496.233770537007
614.0,329.77395881073664,100.0,0.0,4496.255583588295
616.0,329.8284914389551,100.0,0.0,4496.277396639583
618.0,329.8830240671736,100.0,0.0,4496.299209690869
620.0,329.93755669539206,100.0,0.0,4496.321022742157
622.0,329.9921519367577,100.0,0.0,4496.342860788097
624.0,329.93304228440616,100.0,0.0,4496.364748168641
626.0,329.85485617472796,100.0,0.0,4496.3866402890135
628.0,329.77667006504976,100.0,0.0,4496.408532409387
630.0,329.69848395537156,100.0,0.0,4496.430424529759
632.0,329.62029784569336,100.0,0.0,4496.452316650131
634.0,329.54211173601516,100.0,0.0,4496.474208770504
636.0,329.46393875963946,100.0,0.0,4496.496097208885
638.0,329.3858090157698,100.0,0.0,4496.517973526797
640.0,329.3076792719001,100.0,0.0,4496.539849844709
642.0,329.2295495280304,100.0,0.0,4496.561726162622
644.0,329.15141978416074,100.0,0.0,4496.583602480535
646.0,329.0732900402911,100.0,0.0,4496.605478798448
648.0,329.00845085570853,100.0,0.0,4496.6273521403755
650.0,329.1448772258912,100.0,0.0,4496.649180415484
652.0,329.281235448562,100.0,0.0,4496.670997726289
654.0,329.41758747391776,100.0,0.0,4496.692814040004
656.0,329.55393949927355,100.0,0.0,4496.714630353718
658.0,329.69029152462934,100.0,0.0,4496.736446667433
660.0,329.82664354998514,100.0,0.0,4496.758262981147
662.0,329.9629955753409,100.0,0.0,4496.780079294861
664.0,329.9334566500993,100.0,0.0,4496.801970403976
666.0,329.84212761478,100.0,0.0,4496.823889372453
668.0,329.75079857946065,100.0,0.0,4496.84580834093
670.0,329.65946954414136,100.0,0.0,4496.867727309406
672.0,329.56814050882207,100.0,0.0,4496.889646277883
674.0,329.4768326579128,100.0,0.0,4496.911560162101
676.0,329.38580027903566,100.0,0.0,4496.933407933031
678.0,329.29476790015855,100.0,0.0,4496.9552557039615
680.0,329.20373552128143,100.0,0.0,4496.977103474892
682.0,329.11270314240426,100.0,0.0,4496.998951245823
684.0,329.02167076352714,100.0,0.0,4497.020799016754
686.0,329.0,99.79332632828105,0.0,4497.042585562573
688.0,329.0,99.52208126149715,0.0,4497.064352979731
690.0,329.0,99.25083619471324,0.0,4497.086120396888
692.0,329.0,98.97959112792934,0.0,4497.107887814046
694.0,329.0,98.70834606114543,0.0,4497.129655231203
696.0,329.0,98.43710099436153,0.0,4497.151422648361
698.0,329.0,98.16585592757762,0.0,4497.173190065519
700.0,329.0,97.89461086079372,0.0,4497.194957482676
702.0,329.0,97.62336579400981,0.0,4497.216724899834
704.0,329.0,97.35212072722591,0.0,4497.238492316991
706.0,329.0,97.080875660442,0.0,4497.260259734149
708.0,329.0,96.8096305936581,0.0,4497.2820271513065
710.0,329.0,96.53838552687421,0.0,4497.303794568465
712.0,329.0,96.25805055976706,42.4762408541732,4497.326291446707
714.0,328.7708568702041,95.55106652121621,100.0,4497.349244667394
716.0,326.3338841456368,90.77658934655364,100.0,4497.373117053267
718.0,323.8969114210694,86.00211217189104,100.0,4497.39698943914
720.0,321.45993869650204,81.22763499722846,100.0,4497.420861825014
722.0,319.0229659719347,76.45315782256588,100.0,4497.444734210887
724.0,316.5859932473673,71.6786806479033,100.0,4497.468606596761
726.0,314.1318100170903,66.87048493144212,100.0,4497.492647575343
728.0,311.41704103989053,61.55175387407128,100.0,4497.51924123063
730.0,308.70227206269084,56.233022816700434,100.0,4497.5458348859165
732.0,305.98750308549114,50.914291759329586,100.0,4497.572428541203
734.0,303.27273410829144,45.59556070195874,100.0,4497.59902219649
736.0,300.55796513109175,40.27682964458789,100.0,4497.625615851777
738.0,297.84319615389205,34.958098587217044,100.0,4497.652209507064
740.0,295.12842717669236,29.639367529846204,100.0,4497.678803162351
742.0,292.41365819949266,24.320636472475357,100.0,4497.705396817638
744.0,289.6988892222929,19.00190541510451,100.0,4497.731990472925
746.0,286.9841202450932,13.683174357733662,100.0,4497.758584128212
748.0,284.2693512678935,8.364443300362815,100.0,4497.7851777834985
750.0,281.5545822906938,3.045712242991968,100.0,4497.811771438785
752.0,278.49361821939044,0.0,100.0,4497.839324941841
754.0,274.96877297389466,0.0,100.0,4497.868164584759
756.0,271.44392772839893,0.0,100.0,4497.897004227677
758.0,267.9190824829032,0.0,100.0,4497.925843870594
760.0,264.15301751546457,0.0,100.0,4497.956657129418
762.0,260.3344366871138,0.0,100.0,4497.987900063469
764.0,256.515855858763,0.0,100.0,4498.019142997519
766.0,252.69727503041221,0.0,100.0,4498.0503859315695
768.0,248.87869420206144,0.0,100.0,4498.08162886562
770.0,245.06011337371066,0.0,100.0,4498.11287179967
772.0,241.2415325453599,0.0,100.0,4498.14411473372
774.0,237.42295171700908,0.0,100.0,4498.17535766777
776.0,233.48165320336298,0.0,100.0,4498.209112313336
778.0,229.46746304711175,0.0,100.0,4498.2443588610495
780.0,225.45327289086052,0.0,100.0,4498.279605408763
782.0,221.4390827346093,0.0,100.0,4498.314851956477
784.0,217.2520572985606,0.0,100.0,4498.351616082256
786.0,212.91889729653863,0.0,100.0,4498.389663340811
788.0,208.58573729451666,0.0,100.0,4498.427710599365
790.0,204.2525772924947,0.0,100.0,4498.46575785792
792.0,199.91941729047272,0.0,100.0,4498.503805116475
794.0,195.53861872333715,0.0,100.0,4498.542270664868
796.0,193.61086981939627,0.0,100.0,4498.581193973676
798.0,192.0275648802879,0.0,100.0,4498.620167633716
800.0,190.44425994117955,0.0,100.0,4498.659141293756
802.0,188.86095500207117,0.0,100.0,4498.698114953795
804.0,187.24439157813217,0.0,100.0,4498.7379072842305
806.0,185.61140194172899,0.0,100.0,4498.778103952204
808.0,183.9784123053258,0.0,100.0,4498.818300620177
810.0,182.34542266892265,0.0,100.0,4498.85849728815
812.0,180.7174663947955,1.0993145187467037,100.0,4498.899979435562
814.0,179.0908604484377,2.493548187053396,100.0,4498.941806445611
816.0,177.46425450207988,3.8877818553600885,100.0,4498.983633455661
818.0,175.79117599949348,5.321849143291317,100.0,4499.026655474298
820.0,174.10816315217428,6.76443158385061,100.0,4499.069932947516
822.0,172.4251503048551,8.207014024409903,100.0,4499.113210420732
824.0,170.7399551966313,9.651466974316012,92.70525101384163,4499.156544009229
826.0,169.03973306306716,11.108800231656707,35.17893822407734,4499.2002640069495
828.0,167.57281977724733,12.939796490055842,0.0,4499.24408720891
830.0,166.47317815986457,15.359008048297923,0.0,4499.288072873605
832.0,165.373302189981,17.778735182041814,0.0,4499.332067912401
834.0,164.26392247383072,20.219370557572425,0.0,4499.376443101047
836.0,163.15454275768045,22.660005933103037,0.0,4499.420818289693
838.0,162.51843948968622,23.0,0.0,4499.465524840825
840.0,161.95717253090933,23.0,0.0,4499.5104261975275
842.0,161.3935744737743,23.0,0.0,4499.555514042098
844.0,160.82997641663928,23.0,0.0,4499.600601886669
846.0,160.26637835950424,23.0,0.0,4499.64568973124
848.0,160.0983656540371,27.42645443167003,0.0,4499.690607756969
850.0,160.28468047454433,35.81062135449451,0.0,4499.735323313891
852.0,160.47099529505155,44.194788277318985,0.0,4499.780038870813
854.0,160.65731011555874,52.57895520014346,0.0,4499.824754427735
856.0,160.84362493606596,60.96312212296794,0.0,4499.869469984656
858.0,161.13294270039304,68.48745656810786,0.0,4499.914090277354
860.0,161.947653403951,71.47472914782037,0.0,4499.957541514877
862.0,162.75454060071147,74.43331553594211,0.0,4500.000575498704
864.0,163.56142779747196,77.39190192406386,0.0,4500.043609482532
866.0,164.36831499423243,80.3504883121856,0.0,4500.0866434663585
868.0,165.1752021909929,83.30907470030733,0.0,4500.129677450186
870.0,165.98208938775338,86.2676610884291,0.0,4500.172711434014
872.0,166.78897658451388,89.22624747655082,0.0,4500.2157454178405
874.0,168.70567943641728,91.89519937379697,0.0,4500.2573231899805
876.0,171.01542025684327,94.46157806315918,0.0,4500.298385249011
878.0,173.32516107726926,97.02795675252139,0.0,4500.33944730804
880.0,175.60776733125277,99.56418592361419,0.0,4500.380026974777
882.0,176.7261903478039,97.82142895658825,0.0,4500.419678565651
884.0,177.60390908276923,95.18827275169232,0.0,4500.459175908724
886.0,178.48162781773453,92.55511654679641,0.0,4500.498673251798
888.0,179.35934655269983,89.92196034190049,0.0,4500.538170594872
890.0,180.23706528766513,87.28880413700456,0.0,4500.577667937945
892.0,181.10246896272355,84.69259311182935,0.0,4500.616611103323
894.0,181.96159771404712,82.11520685785862,0.0,4500.6552718971325
896.0,182.8207264653707,79.5378206038879,0.0,4500.693932690942
898.0,183.67985521669428,76.96043434991718,0.0,4500.732593484751
900.0,184.4279196367709,76.17116785470836,0.0,4500.770963499659
902.0,185.11001425371813,76.44400570148724,0.0,4500.809160798209
904.0,185.79210887066534,76.71684354826614,0.0,4500.8473580967575
906.0,186.47420348761256,76.98968139504503,0.0,4500.885555395306
908.0,187.15629810455977,77.26251924182391,0.0,4500.923752693855
910.0,187.83648158625144,77.53459263450058,0.0,4500.96184296883
912.0,188.5119095132844,77.80476380531375,0.0,4500.999666932744
914.0,189.1724525043178,78.2586787564767,0.0,4501.037347150259
916.0,189.79421416234888,79.19132124352333,0.0,4501.074652849741
918.0,190.41597582037997,80.12396373056997,0.0,4501.111958549222
920.0,191.03773747841106,81.0566062176166,0.0,4501.149264248705
922.0,191.65949913644215,81.98924870466323,0.0,4501.186569948187
924.0,192.28126079447324,82.92189119170986,0.0,4501.223875647668
926.0,192.90302245250433,83.8545336787565,0.0,4501.26118134715
928.0,193.67381116741942,85.54013981124439,0.0,4501.297802796225
930.0,194.46017512637493,87.33754314599985,0.0,4501.33375086292
932.0,195.24653908533045,89.1349464807553,0.0,4501.369698929615
934.0,196.03290304428597,90.93234981551076,0.0,4501.405646996311
936.0,196.81926700324146,92.72975315026622,0.0,4501.4415950630055
938.0,197.60563096219698,94.52715648502168,0.0,4501.477543129701
940.0,198.3919949211525,96.32455981977714,0.0,4501.513491196396
942.0,199.178358880108,98.12196315453258,0.0,4501.549439263091
944.0,199.9647228390635,99.91936648928804,0.0,4501.5853873297865
946.0,200.4242005726514,100.0,0.0,4501.620936045812
948.0,200.8683250634308,100.0,0.0,4501.656466005074
950.0,201.30951456262324,100.0,0.0,4501.69176116501
952.0,201.7486723783861,100.0,0.0,4501.726893790271
954.0,202.18783019414892,100.0,0.0,4501.762026415532
956.0,202.62698800991177,100.0,0.0,4501.797159040793
958.0,203.0661458256746,100.0,0.0,4501.832291666054
960.0,203.50530364143745,100.0,0.0,4501.867424291315
962.0,203.9444614572003,100.0,0.0,4501.902556916576
964.0,204.38206452635916,100.0,0.0,4501.9375651621085
966.0,204.81305701015398,100.0,0.0,4501.972044560813
968.0,205.8424657290891,100.0,0.0,4502.006256359522
970.0,207.33026392615605,100.0,0.0,4502.040263175455
972.0,208.818062123223,100.0,0.0,4502.074269991388
974.0,210.30586032028992,100.0,0.0,4502.108276807321
976.0,211.7872665428106,100.0,0.0,4502.142137520978
978.0,212.7030420946484,100.0,0.0,4502.175121683786
980.0,213.52517999971067,100.0,0.0,4502.208007199988
982.0,214.34731790477298,100.0,0.0,4502.2408927161905
984.0,215.16945580983526,100.0,0.0,4502.273778232394
986.0,215.99159371489756,100.0,0.0,4502.306663748596
988.0,216.81373161995984,100.0,0.0,4502.339549264799
990.0,217.63499843607005,100.0,0.0,4502.372399937443
992.0,218.43717077856238,100.0,0.0,4502.404486831142
994.0,219.2393431210547,100.0,0.0,4502.436573724842
996.0,220.04151546354703,100.0,0.0,4502.468660618541
998.0,220.84368780603936,100.0,0.0,4502.500747512241
1000.0,221.727895598814,100.0,0.0,4502.5323853648315
1002.0,222.63195775362868,100.0,0.0,4502.563914539714
1004.0,223.53601990844336,100.0,0.0,4502.595443714595
1006.0,224.44008206325805,100.0,0.0,4502.626972889477
1008.0,225.34414421807276,100.0,0.0,4502.658502064358
1010.0,226.24820637288744,100.0,0.0,4502.69003123924
1012.0,227.14511466133754,100.0,0.0,4502.721310902555
1014.0,228.04179617324638,100.0,0.0,4502.752582656389
1016.0,228.9384776851552,100.0,0.0,4502.783854410223
1018.0,229.2723295133767,100.0,0.0,4502.815048499133
1020.0,229.5647202822869,100.0,0.0,4502.846236866826
1022.0,229.85711105119717,100.0,0.0,4502.87742523452
1024.0,230.14829223746543,100.0,0.0,4502.908484564125
1026.0,230.4385412009837,100.0,0.0,4502.939444444351
1028.0,230.728790164502,100.0,0.0,4502.9704043245765
1030.0,231.0190391280203,100.0,0.0,4503.0013642048025
1032.0,231.30928809153858,100.0,0.0,4503.032324085028
1034.0,231.59953705505686,100.0,0.0,4503.063283965254
1036.0,231.88978601857514,100.0,0.0,4503.09424384548
1038.0,232.31621349124075,100.0,0.0,4503.124972821039
1040.0,232.82600684926436,100.0,0.0,4503.155560441164
1042.0,233.33580020728795,100.0,0.0,4503.18614806129
1044.0,233.8451548158515,100.0,0.0,4503.216709350245
1046.0,234.3526083818183,100.0,0.0,4503.247156549768
1048.0,234.8600619477851,100.0,0.0,4503.277603749292
1050.0,235.36751551375193,100.0,0.0,4503.308050948815
1052.0,235.87496907971874,100.0,0.0,4503.33849814834
1054.0,236.0,100.0,0.0,4503.368969554703
1056.0,236.0,100.0,0.0,4503.399448875356
1058.0,236.0,100.0,0.0,4503.429928196009
1060.0,236.0,100.0,0.0,4503.460468813553
1062.0,236.0,100.0,0.0,4503.491009575843
1064.0,236.0,100.0,0.0,4503.52159263277
1066.0,236.0,100.0,0.0,4503.5522164614495
1068.0,236.0,100.0,0.0,4503.582779888365
1070.0,236.0,100.0,0.0,4503.613259660074
1072.0,236.0,100.0,0.0,4503.643739431783
1074.0,236.0,100.0,0.0,4503.674219203492
1076.0,236.0,100.0,0.0,4503.704698975201
1078.0,236.0,100.0,0.0,4503.73517874691
1080.0,236.0,100.0,0.0,4503.76565851862
1082.0,236.0,100.0,0.0,4503.796138290329
1084.0,236.0240454211005,100.0,0.0,4503.826604141872
1086.0,237.20984700961816,100.0,0.0,4503.85639743967
1088.0,238.38821537340166,100.0,0.0,4503.886003956151
1090.0,239.55943832289174,100.0,0.0,4503.915430923387
1092.0,240.7306612723818,100.0,0.0,4503.944857890623
1094.0,241.90188422187188,100.0,0.0,4503.97428485786
1096.0,243.07310717136195,100.0,0.0,4504.003711825096
1098.0,244.0436843301895,100.0,0.0,4504.033115806226
1100.0,244.2530899076625,100.0,0.0,4504.062432587073
1102.0,244.46249548513552,100.0,0.0,4504.091749367919
1104.0,244.67190106260853,100.0,0.0,4504.121066148765
1106.0,244.88130664008156,100.0,0.0,4504.150382929612
1108.0,245.09010445801133,100.0,0.0,4504.179614624121
1110.0,245.2988892085473,100.0,0.0,4504.208844489196
1112.0,245.50767395908332,100.0,0.0,4504.238074354272
1114.0,245.7164587096193,100.0,0.0,4504.267304219346
1116.0,245.92524346015531,100.0,0.0,4504.296534084421
1118.0,246.11694886528804,100.0,0.0,4504.325711818446
1120.0,246.2990371166762,100.0,0.0,4504.3548459386675
1122.0,246.48053021867136,100.0,0.0,4504.383884834987
1124.0,246.66202332066652,100.0,0.0,4504.412923731306
1126.0,246.84351642266168,100.0,0.0,4504.441962627626
1128.0,247.02500952465684,100.0,0.0,4504.471001523945
1130.0,247.206502626652,100.0,0.0,4504.500040420264
1132.0,247.38799572864716,100.0,0.0,4504.529079316583
1134.0,247.56948883064234,100.0,0.0,4504.558118212903
1136.0,247.7505530514236,100.0,0.0,4504.587088488228
1138.0,247.93127533254153,100.0,0.0,4504.616004053207
1140.0,248.13365084719226,100.0,0.0,4504.64482011296
1142.0,248.34931335274678,100.0,0.0,4504.6735751137
1144.0,248.5649758583013,100.0,0.0,4504.702330114441
1146.0,248.78063836385581,100.0,0.0,4504.7310851151815
1148.0,248.99630086941033,100.0,0.0,4504.759840115921
1150.0,249.21196337496485,100.0,0.0,4504.788595116662
1152.0,249.42762588051937,100.0,0.0,4504.817350117402
1154.0,249.6432883860739,100.0,0.0,4504.846105118143
1156.0,249.85895089162838,100.0,0.0,4504.874860118884
1158.0,250.0746133971829,100.0,0.0,4504.903615119624
1160.0,250.28894336768118,100.0,0.0,4504.932192449024
1162.0,250.50281285354868,100.0,0.0,4504.960708380473
1164.0,250.71668233941614,100.0,0.0,4504.989224311922
1166.0,250.9305518252836,100.0,0.0,4505.017740243371
1168.0,251.1914774039574,100.0,0.0,4505.046147740396
1170.0,251.4750309433431,100.0,0.0,4505.074503094334
1172.0,251.7585844827288,100.0,0.0,4505.102858448273
1174.0,252.0421380221145,100.0,0.0,4505.131213802211
1176.0,252.3251667223565,100.0,0.0,4505.159516672235
1178.0,252.60698356802118,100.0,0.0,4505.187698356802
1180.0,252.88880041368589,100.0,0.0,4505.215880041368
1182.0,253.17061725935056,100.0,0.0,4505.244061725934
1184.0,253.45243410501524,100.0,0.0,4505.272243410502
1186.0,253.73425095067995,100.0,0.0,4505.300425095068
1188.0,254.01606779634463,100.0,0.0,4505.328606779634
1190.0,254.2978846420093,100.0,0.0,4505.356788464201
1192.0,254.57970148767401,100.0,0.0,4505.384970148767
1194.0,254.8615183333387,100.0,0.0,4505.413151833333
1196.0,255.0447475095397,100.0,0.0,4505.441319203052
1198.0,255.1327273207592,100.0,0.0,4505.469472742643
1200.0,255.22070713197868,100.0,0.0,4505.497626282233
1202.0,255.30868694319815,100.0,0.0,4505.525779821824
1204.0,255.39666675441765,100.0,0.0,4505.553933361414
1206.0,255.48464656563715,100.0,0.0,4505.582086901004
1208.0,255.57250148257233,100.0,0.0,4505.610200474423
1210.0,255.6602985424582,100.0,0.0,4505.638295533587
1212.0,255.7480956023441,100.0,0.0,4505.666390592751
1214.0,255.83589266222998,100.0,0.0,4505.694485651914
1216.0,255.92368972211585,100.0,0.0,4505.722580711077
1218.0,256.02034128232384,100.0,0.0,4505.750661430819
1220.0,256.17581605167766,100.0,0.0,4505.778646889302
1222.0,256.3312908210315,100.0,0.0,4505.806632347786
1224.0,256.4867655903853,100.0,0.0,4505.834617806269
1226.0,256.6422403597391,100.0,0.0,4505.862603264753
1228.0,256.7977151290929,100.0,0.0,4505.890588723237
1230.0,256.95318989844674,100.0,0.0,4505.91857418172
1232.0,257.1081702641714,100.0,0.0,4505.94647064755
1234.0,257.2627558026655,100.0,0.0,4505.974296044479
1236.0,257.41734134115956,100.0,0.0,4506.002121441408
1238.0,257.5719268796536,100.0,0.0,4506.029946838337
1240.0,257.72651241814765,100.0,0.0,4506.057772235266
1242.0,257.88109795664167,100.0,0.0,4506.0855976321955
1244.0,258.05978474237236,100.0,0.0,4506.113377039186
1246.0,258.3187800161873,100.0,0.0,4506.141003201727
1248.0,258.57777529000225,100.0,0.0,4506.168629364267
1250.0,258.8367705638172,100.0,0.0,4506.196255526807
1252.0,259.0957658376322,100.0,0.0,4506.223881689348
1254.0,259.35476111144715,100.0,0.0,4506.251507851888
1256.0,259.6137563852621,100.0,0.0,4506.279134014429
1258.0,259.872249834384,100.0,0.0,4506.306706649001
1260.0,260.1303654549713,100.0,0.0,4506.334238981864
1262.0,260.3884810755586,100.0,0.0,4506.361771314726
1264.0,260.64659669614593,100.0,0.0,4506.389303647588
1266.0,260.90471231673325,100.0,0.0,4506.416835980452
1268.0,261.0723185062195,100.0,0.0,4506.444356441492
1270.0,261.18695814619764,100.0,0.0,4506.471869955088
1272.0,261.3015413752657,100.0,0.0,4506.499369930064
1274.0,261.41599588157203,100.0,0.0,4506.526839011577
1276.0,261.5304503878783,100.0,0.0,4506.554308093091
1278.0,261.64490489418466,100.0,0.0,4506.581777174604
1280.0,261.75935940049095,100.0,0.0,4506.609246256118
1282.0,261.8738139067973,100.0,0.0,4506.636715337631
1284.0,261.9882684131036,100.0,0.0,4506.664184419145
1286.0,262.1535904313024,100.0,0.0,4506.691574469009
1288.0,262.32468787907106,100.0,0.0,4506.718950060652
1290.0,262.49578532683967,100.0,0.0,4506.746325652294
1292.0,262.66688277460827,100.0,0.0,4506.7737012439375
1294.0,262.83798022237687,100.0,0.0,4506.801076835581
1296.0,263.0,100.0,0.0,4506.828454042486
1298.0,263.0,100.0,0.0,4506.855860078853
1300.0,263.0,100.0,0.0,4506.88326611522
1302.0,263.0,100.0,0.0,4506.910672151587
1304.0,263.0,100.0,0.0,4506.938056381595
1306.0,263.0,100.0,0.0,4506.9653779859145
1308.0,263.070780733981,100.0,0.0,4506.992662458719
1310.0,263.4100758635835,100.0,0.0,4507.019806069086
1312.0,263.74937099318595,100.0,0.0,4507.046949679455
1314.0,264.0886661227884,100.0,0.0,4507.074093289823
1316.0,264.42796125239096,100.0,0.0,4507.101236900191
1318.0,264.7660025518602,100.0,0.0,4507.128280204149
1320.0,265.1033395412522,100.0,0.0,4507.1552671633
1322.0,265.4406765306442,100.0,0.0,4507.182254122451
1324.0,265.77801352003627,100.0,0.0,4507.209241081603
1326.0,266.0920676276757,100.0,0.0,4507.236206762767
1328.0,266.3613149547532,100.0,0.0,4507.263131495475
1330.0,266.6305622818307,100.0,0.0,4507.290056228183
1332.0,266.89897237250864,100.0,0.0,4507.3168972372505
1334.0,267.16735205014214,100.0,0.0,4507.343735205014
1336.0,267.43573172777565,100.0,0.0,4507.370573172778
1338.0,267.7041114054091,100.0,0.0,4507.3974111405405
1340.0,267.9724910830426,100.0,0.0,4507.424249108304
1342.0,268.23984277185986,100.0,0.0,4507.450984277186
1344.0,268.5070770580547,100.0,0.0,4507.477707705805
1346.0,268.77389222746837,100.0,0.0,4507.504389222747
1348.0,269.04029261259205,100.0,0.0,4507.531029261259
1350.0,269.3066929977157,100.0,0.0,4507.557669299772
1352.0,269.5730933828394,100.0,0.0,4507.584309338285
1354.0,269.839493767963,100.0,0.0,4507.610949376796
1356.0,270.0660829189896,100.0,0.0,4507.6375732670385
1358.0,270.2323292560702,100.0,0.0,4507.664172680971
1360.0,270.39857559315084,100.0,0.0,4507.690772094904
1362.0,270.5648219302315,100.0,0.0,4507.717371508837
1364.0,270.7307976217048,100.0,0.0,4507.743927619473
1366.0,270.8964889470361,100.0,0.0,4507.770438231526
1368.0,271.10583727244654,100.0,0.0,4507.796878145428
1370.0,271.38786109243716,100.0,0.0,4507.823200368628
1372.0,271.66988491242785,100.0,0.0,4507.849522591827
1374.0,271.95190873241853,100.0,0.0,4507.875844815026
1376.0,272.23393255240916,100.0,0.0,4507.902167038224
1378.0,272.51595637239984,100.0,0.0,4507.928489261424
1380.0,272.79798019239047,100.0,0.0,4507.954811484623
1382.0,273.07946617458384,100.0,0.0,4507.981083509628
1384.0,273.36009296529414,100.0,0.0,4508.007275343427
1386.0,273.6407197560045,100.0,0.0,4508.033467177227
1388.0,273.92134654671486,100.0,0.0,4508.059659011026
1390.0,274.1566155941055,100.0,0.0,4508.0857938712925
1392.0,274.3742212053675,100.0,0.0,4508.111906544644
1394.0,274.5918268166296,100.0,0.0,4508.138019217996
1396.0,274.8094324278916,100.0,0.0,4508.164131891347
1398.0,275.0270380391536,100.0,0.0,4508.190244564698
1400.0,275.2446436504156,100.0,0.0,4508.2163572380505
1402.0,275.4622492616776,100.0,0.0,4508.242469911402
1404.0,275.67923843733683,100.0,0.0,4508.26850861248
1406.0,275.8959285528534,100.0,0.0,4508.294511426342
1408.0,276.10088516886975,100.0,0.0,4508.320451355849
1410.0,276.29499880218395,100.0,0.0,4508.346333173624
1412.0,276.48911243549816,100.0,0.0,4508.372214991399
1414.0,276.6832260688124,100.0,0.0,4508.398096809175
1416.0,276.8773397021266,100.0,0.0,4508.42397862695
1418.0,277.0714533354408,100.0,0.0,4508.449860444725
1420.0,277.26539232190464,100.0,0.0,4508.475718976253
1422.0,277.4585527861444,100.0,0.0,4508.501473704819
1424.0,277.65171325038426,100.0,0.0,4508.527228433384
1426.0,277.8448737146241,100.0,0.0,4508.55298316195
1428.0,278.03803417886394,100.0,0.0,4508.578737890515
1430.0,278.2311946431038,100.0,0.0,4508.60449261908
1432.0,278.42435510734356,100.0,0.0,4508.630247347645
1434.0,278.6175155715834,100.0,0.0,4508.656002076211
1436.0,278.81067603582323,100.0,0.0,4508.681756804776
1438.0,279.0021130952381,100.0,0.0,4508.707507142857
1440.0,279.109255952381,100.0,0.0,4508.733221428572
1442.0,279.2163988095238,100.0,0.0,4508.758935714286
1444.0,279.3235416666667,100.0,0.0,4508.7846500000005
1446.0,279.43068452380953,100.0,0.0,4508.810364285715
1448.0,279.5378273809524,100.0,0.0,4508.8360785714285
1450.0,279.64497023809525,100.0,0.0,4508.861792857143
1452.0,279.7521130952381,100.0,0.0,4508.887507142857
1454.0,279.859255952381,100.0,0.0,4508.913221428572
1456.0,279.9663988095238,100.0,0.0,4508.938935714285
1458.0,280.1316857486123,100.0,0.0,4508.964514207375
1460.0,280.32332138715356,100.0,0.0,4508.990001751389
1462.0,280.51495702569474,100.0,0.0,4509.015489295403
1464.0,280.706592664236,100.0,0.0,4509.040976839417
1466.0,280.89822830277717,100.0,0.0,4509.066464383432
1468.0,281.08986394131836,100.0,0.0,4509.091951927446
1470.0,281.2814995798596,100.0,0.0,4509.11743947146
1472.0,281.4731352184008,100.0,0.0,4509.142927015474
1474.0,281.664770856942,100.0,0.0,4509.168414559488
1476.0,281.8563029826737,100.0,0.0,4509.193888335104
1478.0,282.0470295263853,100.0,0.0,4509.219254959013
1480.0,282.2377560700969,100.0,0.0,4509.24462158292
1482.0,282.42848261380857,100.0,0.0,4509.269988206829
1484.0,282.6192091575202,100.0,0.0,4509.295354830738
1486.0,282.80993570123184,100.0,0.0,4509.320721454646
1488.0,283.0004399619953,100.0,0.0,4509.346087993525
1490.0,283.12705850640316,100.0,0.0,4509.371411765281
1492.0,283.253655289475,100.0,0.0,4509.396731121895
1494.0,283.3802520725468,100.0,0.0,4509.422050478509
1496.0,283.5068488556186,100.0,0.0,4509.447369835124
1498.0,283.63344563869043,100.0,0.0,4509.472689191738
1500.0,283.759919962075,100.0,0.0,4509.497984054662
1502.0,283.88607434247854,100.0,0.0,4509.52321492441
1504.0,284.01222872288207,100.0,0.0,4509.548445794158
1506.0,284.1383831032856,100.0,0.0,4509.573676663907
1508.0,284.26453748368914,100.0,0.0,4509.598907533656
1510.0,284.3906918640927,100.0,0.0,4509.624138403404
1512.0,284.5168462444962,100.0,0.0,4509.649369273152
1514.0,284.64300062489974,100.0,0.0,4509.6746001429
1516.0,284.7691550053033,100.0,0.0,4509.699831012648
1518.0,284.8953093857068,100.0,0.0,4509.725061882396
1520.0,285.0356272870283,100.0,0.0,4509.750275278653
1522.0,285.2450284842557,100.0,0.0,4509.775403447062
1524.0,285.4544296814832,100.0,0.0,4509.80053161547
1526.0,285.66355744218475,100.0,0.0,4509.825626951712
1528.0,285.87248994498077,100.0,0.0,4509.850698842879
1530.0,286.0814224477768,100.0,0.0,4509.875770734046
1532.0,286.29035495057275,100.0,0.0,4509.900842625212
1534.0,286.49928745336877,100.0,0.0,4509.925914516378
1536.0,286.7082199561648,100.0,0.0,4509.950986407544
1538.0,286.91715245896074,100.0,0.0,4509.976058298711
1540.0,287.047246377353,100.0,0.0,4510.0011188407525
1542.0,287.1255372673281,100.0,0.0,4510.026171925545
1544.0,287.2038205221736,100.0,0.0,4510.0512225670955
1546.0,287.2819552636297,100.0,0.0,4510.076225684362
1548.0,287.36009000508585,100.0,0.0,4510.101228801628
1550.0,287.438224746542,100.0,0.0,4510.126231918894
1552.0,287.51635948799816,100.0,0.0,4510.15123503616
1554.0,287.5944942294543,100.0,0.0,4510.176238153425
1556.0,287.67262897091047,100.0,0.0,4510.201241270692
1558.0,287.7507637123666,100.0,0.0,4510.226244387958
1560.0,287.8288984538228,100.0,0.0,4510.251247505224
1562.0,287.90694270739084,100.0,0.0,4510.276221666365
1564.0,287.98471548821334,100.0,0.0,4510.301108956228
1566.0,288.05539971217075,100.0,0.0,4510.325999296258
1568.0,288.1243500885977,100.0,0.0,4510.350890382352
1570.0,288.19330046502455,100.0,0.0,4510.375781468447
1572.0,288.2622508414514,100.0,0.0,4510.400672554542
1574.0,288.3312012178783,100.0,0.0,4510.425563640637
1576.0,288.4001515943052,100.0,0.0,4510.450454726732
1578.0,288.4691019707321,100.0,0.0,4510.475345812826
1580.0,288.53805234715895,100.0,0.0,4510.500236898921
1582.0,288.6070027235858,100.0,0.0,4510.525127985016
1584.0,288.67595310001275,100.0,0.0,4510.550019071111
1586.0,288.7449034764396,100.0,0.0,4510.5749101572055
1588.0,288.8138538528665,100.0,0.0,4510.5998012433
1590.0,288.88280422929336,100.0,0.0,4510.624692329395
1592.0,288.9517546057202,100.0,0.0,4510.649583415489
1594.0,288.49642857142845,97.03781512604986,2.962184873950141,4510.675294117647
1596.0,286.8892857142856,87.58403361344472,12.415966386555281,4510.701764705883
1598.0,285.28214285714273,78.13025210083958,21.86974789916042,4510.728235294118
1600.0,283.67499999999984,68.67647058823444,31.32352941176556,4510.754705882353
1602.0,282.067857142857,59.2226890756293,40.7773109243707,4510.781176470588
1604.0,280.4607142857141,49.76890756302416,50.23109243697584,4510.807647058824
1606.0,278.85357142857123,40.31512605041902,59.68487394958098,4510.834117647059
1608.0,277.24642857142834,30.861344537813878,69.13865546218612,4510.860588235294
1610.0,275.6392857142855,21.407563025208745,78.59243697479126,4510.8870588235295
1612.0,274.0321428571426,11.953781512603598,88.0462184873964,4510.913529411765
1614.0,272.4249999999997,2.4999999999984652,97.50000000000153,4510.9400000000005
1616.0,269.448126035179,0.0,100.0,4510.96919020839
1618.0,265.97881097726594,0.0,100.0,4510.999358165415
1620.0,262.50949591935296,0.0,100.0,4511.02952612244
1622.0,259.0401808614399,0.0,100.0,4511.059694079466
1624.0,255.5708658035269,0.0,100.0,4511.089862036491
1626.0,252.00149154663995,0.0,100.0,4511.120900073507
1628.0,248.1978925704547,0.0,100.0,4511.153974847213
1630.0,244.3942935942695,0.0,100.0,4511.187049620919
1632.0,240.59069461808426,0.0,100.0,4511.220124394625
1634.0,236.78709564189904,0.0,100.0,4511.253199168331
1636.0,232.9834966657138,0.0,100.0,4511.286273942037
1638.0,229.16555247346813,0.0,100.0,4511.319473456752
1640.0,225.58857142857127,0.0,100.0,4511.353171428571
1642.0,223.302857142857,0.0,100.0,4511.387457142857
1644.0,221.01714285714272,0.0,100.0,4511.421742857143
1646.0,218.73142857142844,0.0,100.0,4511.456028571429
1648.0,216.44571428571413,0.0,100.0,4511.490314285715
1650.0,214.15999999999985,0.0,100.0,4511.524600000001
1652.0,211.87428571428558,0.0,100.0,4511.558885714286
1654.0,209.51377190043257,0.0,100.0,4511.593483041328
1656.0,206.81250468061444,0.0,100.0,4511.629499937592
1658.0,204.1112374607963,0.0,100.0,4511.665516833856
1660.0,201.3878439718263,0.0,100.0,4511.701828747042
1662.0,198.6109226834439,0.0,100.0,4511.738854364221
1664.0,195.93529411764683,0.0,100.0,4511.777032085562
1666.0,193.28823529411744,0.0,100.0,4511.815534759358
1668.0,190.64117647058802,0.0,100.0,4511.854037433155
1670.0,187.99411764705863,0.0,100.0,4511.892540106952
1672.0,185.90053018686598,0.3664899377113388,100.0,4511.93265429564
1674.0,184.13981340426724,0.9533955319109201,100.0,4511.973737687234
1676.0,182.3790966216685,1.5403011261105013,100.0,4512.014821078828
1678.0,180.61837983906975,2.1272067203100824,100.0,4512.055904470422
1680.0,178.857663056471,2.7141123145096637,100.0,4512.096987862016
1682.0,177.09474024833756,3.3017532505541465,100.0,4512.138122727539
1684.0,175.32120664203094,3.8929311193230225,100.0,4512.179505178353
1686.0,175.0,4.504142950041019,100.0,4512.220609530003
1688.0,175.0,5.119785629873947,100.0,4512.261652375325
1690.0,175.0,5.735428309706875,100.0,4512.302695220647
1692.0,175.0,6.352744315049383,77.05424820840673,4512.343849621004
1694.0,175.0,6.973778554341088,3.121600673680021,4512.385251903623
1696.0,173.99345897621538,7.862749448958245,0.0,4512.427261640952
1698.0,172.9425460743522,8.76353193626953,0.0,4512.469298157026
1700.0,171.875660392856,9.67800537755201,0.0,4512.511973584285
1702.0,170.79172802692358,10.607090262636941,0.0,4512.555330878923
1704.0,169.70779566099114,11.536175147721874,0.0,4512.598688173561
1706.0,168.62386329505873,12.465260032806807,0.0,4512.642045468198
1708.0,167.42991687514967,14.04515239555893,0.0,4512.686002770829
1710.0,166.08678909408917,16.50755332750321,0.0,4512.730773696863
1712.0,164.69606119315233,19.057221145887418,0.0,4512.777131293561
1714.0,163.30509146602603,21.60733231228563,0.0,4512.823496951132
1716.0,161.91412173889972,24.157443478683845,0.0,4512.8698626087025
1718.0,160.52315201177342,26.707554645082062,0.0,4512.916228266274
1720.0,159.13218228464712,29.257665811480273,0.0,4512.962593923845
1722.0,157.7359215713624,31.817477119168892,0.0,4513.009135947621
1724.0,156.3384891793889,34.3794365044537,0.0,4513.055717027353
1726.0,156.0,38.07504725206398,0.0,4513.102143397166
1728.0,156.0,42.13302749672222,0.0,4513.148520314248
1730.0,156.0,46.162657969670626,0.0,4513.194573233939
1732.0,156.0,50.190687008477425,0.0,4513.240607851525
1734.0,156.0,54.218716047284225,0.0,4513.286642469112
1736.0,156.25417721519,57.525063291139915,0.0,4513.332417721519
1738.0,156.70987341772164,60.259240506329775,0.0,4513.377987341772
1740.0,157.16556962025328,62.993417721519634,0.0,4513.423556962025
1742.0,157.62126582278492,65.7275949367095,0.0,4513.4691265822785
1744.0,158.0,68.29030192881008,0.0,4513.514741384768
1746.0,158.0,70.00200651748855,0.0,4513.560386840466
1748.0,158.0,71.7097598076894,0.0,4513.605926928205
1750.0,158.0,73.41751309789022,0.0,4513.651467015944
1752.0,158.0,75.12526638809105,0.0,4513.697007103683
1754.0,158.0,76.83301967829189,0.0,4513.742547191421
1756.0,160.08621120081693,80.69098904759919,0.0,4513.785514668323
1758.0,162.39084775698987,84.7684229546744,0.0,4513.828061804745
1760.0,164.6954843131628,88.84585686174961,0.0,4513.870608941166
1762.0,166.99619108239244,92.91633806884819,0.0,4513.913083527675
1764.0,169.2232788610372,96.85657029260426,0.0,4513.954198994357
1766.0,171.28831420229878,100.0,0.0,4513.995072797665
1768.0,172.71404377410454,100.0,0.0,4514.034993225675
1770.0,174.1397733459103,100.0,0.0,4514.074913653685
1772.0,175.56550291771606,100.0,0.0,4514.114834081696
1774.0,176.99123248952182,100.0,0.0,4514.154754509706
1776.0,178.41526518798977,100.0,0.0,4514.194627425263
1778.0,179.82256181884858,100.0,0.0,4514.234031730927
1780.0,181.12017668200417,100.0,0.0,4514.27340942304
1782.0,181.85595228611004,100.0,0.0,4514.312650788593
1784.0,182.5917278902159,100.0,0.0,4514.3518921541445
1786.0,183.3274723439153,100.0,0.0,4514.391131858341
1788.0,184.07089162270535,100.0,0.0,4514.429835664908
1790.0,185.02316715157872,100.0,0.0,4514.467926686063
1792.0,185.9754426804521,100.0,0.0,4514.506017707218
1794.0,186.92771820932543,100.0,0.0,4514.544108728373
1796.0,187.86025624509827,100.0,0.0,4514.581410249804
1798.0,188.7884347450335,100.0,0.0,4514.6185373898015
1800.0,189.71661324496873,100.0,0.0,4514.655664529799
1802.0,190.62973870042748,100.0,0.0,4514.692189548017
1804.0,191.53227086417587,100.0,0.0,4514.728290834567
1806.0,192.43480302792426,100.0,0.0,4514.764392121117
1808.0,193.33733519167265,100.0,0.0,4514.800493407667
1810.0,194.23986735542104,100.0,0.0,4514.836594694217
1812.0,195.17683152033263,100.0,0.0,4514.872557562067
1814.0,196.29759467736844,100.0,0.0,4514.907781547003
1816.0,197.41835783440425,100.0,0.0,4514.943005531938
1818.0,198.5337021879235,100.0,0.0,4514.97805921162
1820.0,199.6280636010023,100.0,0.0,4515.01245342746
1822.0,200.72242501408113,100.0,0.0,4515.0468476433
1824.0,201.81678642715994,100.0,0.0,4515.081241859139
1826.0,202.91114784023875,100.0,0.0,4515.115636074978
1828.0,204.00550925331757,100.0,0.0,4515.150030290818
1830.0,205.09987066639638,100.0,0.0,4515.184424506658
1832.0,206.1811475534839,100.0,0.0,4515.218407494538
1834.0,207.2593316596738,100.0,0.0,4515.252293280732
1836.0,208.3375157658637,100.0,0.0,4515.286179066927
1838.0,209.28413684465946,100.0,0.0,4515.319989112899
1840.0,210.02041402657153,100.0,0.0,4515.3536474983575
1842.0,210.74885099768477,100.0,0.0,4515.38694747418
1844.0,211.477287968798,100.0,0.0,4515.420247450002
1846.0,212.20572493991125,100.0,0.0,4515.453547425825
1848.0,212.9341619110245,100.0,0.0,4515.486847401647
1850.0,213.66259888213773,100.0,0.0,4515.520147377469
1852.0,214.39103585325097,100.0,0.0,4515.553447353292
1854.0,215.1194728243642,100.0,0.0,4515.586747329114
1856.0,215.84560773992825,100.0,0.0,4515.619942068111
1858.0,216.64480828776092,100.0,0.0,4515.652792331511
1860.0,217.45835593014684,100.0,0.0,4515.685334237206
1862.0,218.27190357253275,100.0,0.0,4515.717876142901
1864.0,219.08545121491866,100.0,0.0,4515.750418048597
1866.0,219.89899885730458,100.0,0.0,4515.782959954292
1868.0,220.7125464996905,100.0,0.0,4515.815501859988
1870.0,221.4424181283899,100.0,0.0,4515.847572447689
1872.0,222.12656987332255,100.0,0.0,4515.879385511126
1874.0,222.8107216182552,100.0,0.0,4515.911198574564
1876.0,223.49487336318785,100.0,0.0,4515.943011638001
1878.0,224.17902510812047,100.0,0.0,4515.974824701438
1880.0,224.86317685305312,100.0,0.0,4516.0066377648745
1882.0,225.54732859798577,100.0,0.0,4516.038450828311
1884.0,226.22528057696505,100.0,0.0,4516.069975580484
1886.0,226.8991938119358,100.0,0.0,4516.101312516634
1888.0,227.82475754310366,100.0,0.0,4516.132392241379
1890.0,228.79458512931055,100.0,0.0,4516.163426724138
1892.0,229.76441271551744,100.0,0.0,4516.194461206896
1894.0,230.73424030172436,100.0,0.0,4516.225495689655
1896.0,231.70406788793125,100.0,0.0,4516.2565301724135
1898.0,232.2681725964333,100.0,0.0,4516.2874538238675
1900.0,232.6541095731111,100.0,0.0,4516.318328805249
1902.0,233.04004654978888,100.0,0.0,4516.34920378663
1904.0,233.42333842183615,100.0,0.0,4516.3798671131135
1906.0,233.80646690414497,100.0,0.0,4516.4105173655435
1908.0,234.31812500000018,100.0,0.0,4516.440845833334
1910.0,234.96098214285732,100.0,0.0,4516.470845833333
1912.0,235.60383928571446,100.0,0.0,4516.500845833334
1914.0,236.2466964285716,100.0,0.0,4516.530845833334
1916.0,236.88955357142873,100.0,0.0,4516.560845833334
1918.0,237.53241071428587,100.0,0.0,4516.590845833333
1920.0,238.175267857143,100.0,0.0,4516.620845833334
1922.0,238.81812500000015,100.0,0.0,4516.650845833334
1924.0,239.4609821428573,100.0,0.0,4516.6808458333335
1926.0,240.07199511498322,100.0,0.0,4516.7107996743325
1928.0,240.51770863852448,100.0,0.0,4516.740513909235
1930.0,240.96342216206574,100.0,0.0,4516.770228144138
1932.0,241.409135685607,100.0,0.0,4516.799942379041
1934.0,241.85484920914826,100.0,0.0,4516.829656613943
1936.0,242.29727690974798,100.0,0.0,4516.859151793983
1938.0,242.7396661945093,100.0,0.0,4516.888644412968
1940.0,243.24787511711966,100.0,0.0,4516.917947580645
1942.0,243.85020412260755,100.0,0.0,4516.94697983871
1944.0,244.45253312809544,100.0,0.0,4516.976012096774
1946.0,245.05486213358333,100.0,0.0,4517.005044354839
1948.0,245.65719113907122,100.0,0.0,4517.034076612903
1950.0,246.2595201445591,100.0,0.0,4517.063108870968
1952.0,246.861849150047,100.0,0.0,4517.092141129032
1954.0,247.46417815553485,100.0,0.0,4517.121173387097
1956.0,248.06606888427874,100.0,0.0,4517.150171306445
1958.0,248.66442859095278,100.0,0.0,4517.178892572366
1960.0,249.25891873763155,100.0,0.0,4517.207428099406
1962.0,249.85058892080679,100.0,0.0,4517.235828268199
1964.0,250.44225910398205,100.0,0.0,4517.264228436991
1966.0,251.03392928715732,100.0,0.0,4517.292628605784
1968.0,251.62559947033256,100.0,0.0,4517.321028774576
1970.0,252.21726965350783,100.0,0.0,4517.349428943368
1972.0,252.80893983668307,100.0,0.0,4517.377829112161
1974.0,253.209112348234,99.73860956470753,0.0,4517.405820111341
1976.0,253.51795520101024,99.35255599873719,0.0,4517.433615968091
1978.0,253.82679805378652,98.96650243276686,0.0,4517.461411824841
1980.0,254.1356409065628,98.58044886679653,0.0,4517.48920768159
1982.0,254.4417573299728,98.19780333753401,0.0,4517.516758159698
1984.0,254.7476858316669,97.81539271041639,0.0,4517.54429172485
1986.0,255.05361433336097,97.43298208329878,0.0,4517.571825290002
1988.0,255.35954283505507,97.05057145618116,0.0,4517.5993588551555
1990.0,255.66547133674916,96.66816082906355,0.0,4517.626892420308
1992.0,255.9836458258581,96.27044271767735,21.14493476485355,4517.655528124327
1994.0,256.303967561635,95.87004054795631,45.99748323029796,4517.684357080548
1996.0,256.6242892974118,95.46963837823526,70.85003169574237,4517.713186036767
1998.0,256.9446110331886,95.06923620851421,95.70258016118677,4517.742014992988
2000.0,254.05264538551324,85.00004684370562,100.0,4517.772263039553
2002.0,250.48909320678922,72.90942338017776,100.0,4517.802807772513
2004.0,246.92554102806523,60.81879991664991,100.0,4517.833352505474
2006.0,243.36198884934123,48.72817645312205,100.0,4517.863897238434
2008.0,239.62701735011458,36.055951723603044,100.0,4517.895911279857
2010.0,235.84010693581982,23.207505675102972,100.0,4517.928370511979
2012.0,232.05319652152505,10.359059626602892,100.0,4517.960829744101
2014.0,228.245508713187,0.0,100.0,4517.993560793799
2016.0,224.3513601360882,0.0,100.0,4518.027422955338
2018.0,220.31226041615272,0.0,100.0,4518.062545561598
2020.0,216.25604018406054,0.0,100.0,4518.0978170418775
2022.0,212.19981995196838,0.0,100.0,4518.133088522157
2024.0,208.1435997198762,0.0,100.0,4518.168360002436
2026.0,205.04078640928714,0.0,100.0,4518.204052686057
2028.0,203.0065190004119,0.0,100.0,4518.240217439992
2030.0,200.97225159153666,0.0,100.0,4518.276382193928
2032.0,198.93372800769794,0.0,100.0,4518.312622613196
2034.0,196.57236842105212,0.0,100.0,4518.350947368421
2036.0,192.01096491228012,0.0,100.0,4518.393052631579
2038.0,187.44956140350814,0.0,100.0,4518.435157894737
2040.0,182.88815789473617,0.0,100.0,4518.477263157895
2042.0,178.32675438596416,0.0,100.0,4518.519368421053
2044.0,173.7653508771922,0.0,100.0,4518.561473684211
2046.0,169.83925194357144,0.0,100.0,4518.604857662407
2048.0,166.89132037169077,0.0,100.0,4518.65021045582
2050.0,163.94338879981007,0.0,100.0,4518.695563249234
2052.0,160.98431492668317,0.0,100.0,4518.741087462667
2054.0,157.9928513071893,0.0,100.0,4518.78722875817
2056.0,156.52226307189522,0.0,100.0,4518.8342875817
2058.0,155.05167483660117,0.0,100.0,4518.881346405229
2060.0,153.58108660130708,0.0,100.0,4518.9284052287585
2062.0,151.49949222307112,0.0,100.0,4518.977010155538
2064.0,148.8958080336855,0.0,100.0,4519.029083839326
2066.0,146.29212384429994,0.0,100.0,4519.081157523114
2068.0,143.68843965491433,0.0,100.0,4519.133231206902
2070.0,141.08475546552873,0.0,100.0,4519.18530489069
2072.0,138.68117573121668,0.0,100.0,4519.237627475626
2074.0,137.08149995753072,0.0,100.0,4519.290950001416
2076.0,135.44573958367477,0.0,100.0,4519.345475347211
2078.0,133.8099453428517,0.0,100.0,4519.400001821905
2080.0,131.95349147792683,0.0,100.0,4519.455778984357
2082.0,129.77084456375954,0.0,100.0,4519.515801774496
2084.0,127.54820496237929,0.0,100.0,4519.576924363534
2086.0,125.32556536099905,0.0,100.0,4519.638046952572
2088.0,123.09216423921136,0.0,100.0,4519.699465483422
2090.0,120.78900947300906,0.0,100.0,4519.762802239492
2092.0,118.48585470680675,0.0,100.0,4519.826138995563
2094.0,116.57976973684202,0.0,85.99232456140075,4519.889412280702
2096.0,115.39555921052622,0.0,46.51864035087396,4519.952570175438
2098.0,114.21134868421042,0.0,7.044956140347168,4520.015728070175
2100.0,113.20688510251084,0.528743264992774,0.0,4520.0798743264995
2102.0,112.24147051892314,1.1723529873845793,0.0,4520.144235298739
2104.0,111.2580257244368,1.8279828503754607,0.0,4520.209798285037
2106.0,110.42686068276802,5.782719493731052,0.0,4520.277436259917
2108.0,109.65045370552075,10.90700554356308,0.0,4520.345760073914
2110.0,108.87404672827347,16.03129159339511,0.0,4520.414083887912
2112.0,108.0976397510262,21.155577643227137,0.0,4520.482407701909
2114.0,107.32123277377892,26.279863693059166,0.0,4520.5507315159075
2116.0,106.55915266620356,31.30959240305656,0.0,4520.617794565374
2118.0,106.37345790273682,35.456448547789435,0.0,4520.6835981290105
2120.0,107.79482240238859,37.19367182514161,0.0,4520.746769884551
2122.0,109.21618690204036,38.93089510249377,0.0,4520.809941640091
2124.0,110.63755140169214,40.66811837984594,0.0,4520.873113395631
2126.0,112.05891590134391,42.40534165719811,0.0,4520.9362851511705
2128.0,113.44618671154784,44.100894869669574,0.0,4520.997941631625
2130.0,114.82310433331473,45.783794185162456,0.0,4521.059137970369
2132.0,116.02261598565111,49.36002395285366,0.0,4521.119591679262
2134.0,117.19597616042205,53.21535024138672,0.0,4521.179935916822
2136.0,118.36217514867378,57.04714691707103,0.0,4521.239911864789
2138.0,119.48896968210248,60.74947181262243,0.0,4521.297861297937
2140.0,120.61576421553117,64.45179670817383,0.0,4521.355810731085
2142.0,121.74255874895985,68.15412160372523,0.0,4521.4137601642315
2144.0,123.74305080876313,71.55647451951926,0.0,4521.46883321941
2146.0,125.92401811544447,74.75522656931857,0.0,4521.5211764347705
2148.0,128.10498542212582,77.95397861911788,0.0,4521.573519650131
2150.0,130.28595272880716,81.15273066891717,0.0,4521.625862865491
2152.0,132.46692003548853,84.35148271871648,0.0,4521.678206080852
2154.0,134.64788734216987,87.55023476851579,0.0,4521.730549296212
2156.0,136.8288546488512,90.7489868183151,0.0,4521.782892511573
2158.0,139.52448554063085,91.47334103886828,0.0,4521.831178496961
2160.0,142.25554450572173,91.98541459482283,0.0,4521.8789720288505
2162.0,144.9866034708126,92.49748815077737,0.0,4521.926765560739
2164.0,147.7176624359035,93.0095617067319,0.0,4521.974559092629
2166.0,150.34842514631438,93.50282971493395,0.0,4522.020597440061
2168.0,152.92659380891263,93.98623633917111,0.0,4522.065715391656
2170.0,154.93980203273017,94.61256906296742,0.0,4522.107837937531
2172.0,156.9364531600575,95.2430904715971,0.0,4522.149872698106
2174.0,158.93310428738482,95.87361188022679,0.0,4522.191907458682
2176.0,160.92975541471213,96.50413328885647,0.0,4522.233942219257
2178.0,162.92640654203947,97.13465469748614,0.0,4522.275976979832
2180.0,164.92305766936678,97.76517610611582,0.0,4522.318011740408
2182.0,166.9030169509413,98.3904264055604,0.0,4522.359695093704
2184.0,168.87551240663745,99.01331970735919,0.0,4522.401221313824
2186.0,170.84800786233362,99.63621300915798,0.0,4522.4427475339435
2188.0,172.0,100.0,0.0,4522.484574818446
2190.0,172.0,100.0,0.0,4522.526824799353
2192.0,172.0,100.0,0.0,4522.56907478026
2194.0,172.0,100.0,0.0,4522.610280451156
2196.0,173.51036995530538,100.0,0.0,4522.650410739678
2198.0,176.05415093266083,100.0,0.0,4522.689839353871
2200.0,178.53341299229012,100.0,0.0,4522.728267918943
2202.0,180.93793975668552,100.0,0.0,4522.765538080109
2204.0,183.34246652108092,100.0,0.0,4522.802808241274
2206.0,185.74699328547632,100.0,0.0,4522.840078402439
2208.0,188.1515200498717,100.0,0.0,4522.877348563604
2210.0,190.37208982435692,100.0,0.0,4522.914504922367
2212.0,191.981019560231,100.0,0.0,4522.951280510935
2214.0,193.57610493504177,100.0,0.0,4522.987739584926
2216.0,195.17119030985253,100.0,0.0,4523.024198658917
2218.0,196.76627568466327,100.0,0.0,4523.060657732908
2220.0,197.7541202827708,100.0,0.0,4523.096164811311
2222.0,198.6377111755209,100.0,0.0,4523.131508447021
2224.0,199.52130206827098,100.0,0.0,4523.166852082731
2226.0,200.40489296102106,100.0,0.0,4523.202195718441
2228.0,201.28848385377114,100.0,0.0,4523.237539354151
2230.0,202.17207474652125,100.0,0.0,4523.272882989861
2232.0,203.05566563927133,100.0,0.0,4523.308226625571
2234.0,203.93112648081944,100.0,0.0,4523.343245059233
2236.0,205.00250567530753,100.0,0.0,4523.377300447844
2238.0,206.09202127715116,100.0,0.0,4523.411317538332
2240.0,207.1815368789948,100.0,0.0,4523.445334628819
2242.0,208.27105248083842,100.0,0.0,4523.4793517193075
2244.0,209.35096125960382,100.0,0.0,4523.513068874275
2246.0,210.42649257329523,100.0,0.0,4523.546649359997
2248.0,211.50202388698665,100.0,0.0,4523.580229845719
2250.0,212.57755520067806,100.0,0.0,4523.6138103314415
2252.0,213.38081414572505,100.0,0.0,4523.647310087772
2254.0,214.0079554653087,100.0,0.0,4523.680757624817
2256.0,214.63509678489234,100.0,0.0,4523.714205161861
2258.0,215.26223810447598,100.0,0.0,4523.747652698906
2260.0,215.880914425334,100.0,0.0,4523.7806487693515
2262.0,216.89251811256048,100.0,0.0,4523.812964163275
2264.0,217.99818404690902,100.0,0.0,4523.845128990455
2266.0,219.10384998125755,100.0,0.0,4523.877293817636
2268.0,220.20951591560606,100.0,0.0,4523.909458644817
2270.0,221.30616895255775,100.0,0.0,4523.941361278619
2272.0,222.38454641782513,100.0,0.0,4523.972732259427
2274.0,223.46292388309254,100.0,0.0,4524.004103240235
2276.0,224.54130134835992,100.0,0.0,4524.035474221043
2278.0,225.61967881362733,100.0,0.0,4524.066845201851
2280.0,226.69724743590538,100.0,0.0,4524.098192652681
2282.0,227.557327586207,100.0,0.0,4524.129293103449
2284.0,228.3331896551725,100.0,0.0,4524.160327586207
2286.0,229.109051724138,100.0,0.0,4524.191362068966
2288.0,229.8849137931035,100.0,0.0,4524.222396551724
2290.0,230.66077586206902,100.0,0.0,4524.253431034483
2292.0,231.4366379310345,100.0,0.0,4524.284465517241
2294.0,232.20746809373506,100.0,0.0,4524.315298723749
2296.0,232.96495809114492,100.0,0.0,4524.345598323645
2298.0,233.72244808855478,100.0,0.0,4524.375897923542
2300.0,234.47993808596465,100.0,0.0,4524.406197523439
2302.0,235.2249642077153,100.0,0.0,4524.435998568309
2304.0,235.96764271283752,100.0,0.0,4524.465705708513
2306.0,236.71032121795974,100.0,0.0,4524.495412848718
2308.0,237.45299972308197,100.0,0.0,4524.5251199889235
2310.0,238.1956782282042,100.0,0.0,4524.554827129128
2312.0,238.93835673332643,100.0,0.0,4524.584534269333
2314.0,239.68103523844866,100.0,0.0,4524.6142414095375
2316.0,240.4237137435709,100.0,0.0,4524.643948549743
2318.0,241.05544133699593,100.0,0.0,4524.6736529604395
2320.0,241.303070137474,100.0,0.0,4524.703368416497
2322.0,241.55069893795206,100.0,0.0,4524.733083872555
2324.0,241.79832773843015,100.0,0.0,4524.762799328611
2326.0,242.0459565389082,100.0,0.0,4524.792514784669
2328.0,242.29358533938628,100.0,0.0,4524.822230240727
2330.0,242.53963197596408,100.0,0.0,4524.851755837116
2332.0,242.785016175924,100.0,0.0,4524.881201941111
2334.0,243.06540603344274,100.0,0.0,4524.910597331839
2336.0,243.59334711055945,100.0,0.0,4524.939634091081
2338.0,244.12128818767613,100.0,0.0,4524.968670850322
2340.0,244.64922926479284,100.0,0.0,4524.997707609564
2342.0,245.17717034190954,100.0,0.0,4525.026744368805
2344.0,245.70366255155048,100.0,0.0,4525.055701440336
2346.0,246.2228043629589,100.0,0.0,4525.084254239963
2348.0,246.74194617436729,100.0,0.0,4525.112807039591
2350.0,247.2610879857757,100.0,0.0,4525.141359839217
2352.0,247.78022979718412,100.0,0.0,4525.169912638845
2354.0,248.2993716085925,100.0,0.0,4525.198465438472
2356.0,248.81851342000093,100.0,0.0,4525.2270182381
2358.0,249.3362413455358,100.0,0.0,4525.255493274004
2360.0,249.8537401494127,100.0,0.0,4525.283955708217
2362.0,250.3712389532896,100.0,0.0,4525.312418142431
2364.0,250.8887377571665,100.0,0.0,4525.340880576644
2366.0,251.27898743890543,100.0,0.0,4525.369318995112
2368.0,251.63438545024985,100.0,0.0,4525.397750836019
2370.0,251.9897834615943,100.0,0.0,4525.426182676927
2372.0,252.34518147293875,100.0,0.0,4525.454614517835
2374.0,252.69964687504515,100.0,0.0,4525.482971750003
2376.0,253.0528437401302,100.0,0.0,4525.511227499211
2378.0,253.40604060521528,100.0,0.0,4525.539483248417
2380.0,253.75923747030035,100.0,0.0,4525.5677389976245
2382.0,254.1385685917145,100.0,0.0,4525.59586838987
2384.0,254.57386259710023,100.0,0.0,4525.623727206214
2386.0,255.00915660248597,100.0,0.0,4525.651586022559
2388.0,255.44445060787172,100.0,0.0,4525.679444838904
2390.0,255.8797446132575,100.0,0.0,4525.707303655248
2392.0,256.3150386186432,100.0,0.0,4525.735162471593
2394.0,256.75033262402894,100.0,0.0,4525.7630212879385
2396.0,257.18562662941474,100.0,0.0,4525.790880104283
2398.0,257.61837280084586,100.0,0.0,4525.818575859254
2400.0,258.0511079597944,100.0,0.0,4525.846270909427
2402.0,258.483843118743,100.0,0.0,4525.873965959599
2404.0,258.9165782776916,100.0,0.0,4525.901661009772
2406.0,259.1861974260834,100.0,0.0,4525.92934369113
2408.0,259.41686182178205,100.0,0.0,4525.957023418614
2410.0,259.6475262174807,100.0,0.0,4525.984703146098
2412.0,259.87819061317936,100.0,0.0,4526.012382873582
2414.0,260.108855008878,100.0,0.0,4526.040062601066
2416.0,260.3383468728791,100.0,0.0,4526.067601624746
2418.0,260.567072747436,100.0,0.0,4526.095048729692
2420.0,260.79579862199284,100.0,0.0,4526.122495834639
2422.0,261.02436868686874,100.0,0.0,4526.149924242424
2424.0,261.25164141414143,100.0,0.0,4526.1771969696965
2426.0,261.4789141414142,100.0,0.0,4526.20446969697
2428.0,261.7061868686869,100.0,0.0,4526.231742424242
2430.0,261.9334595959596,100.0,0.0,4526.259015151515
2432.0,262.16073232323237,100.0,0.0,4526.286287878787
2434.0,262.38800505050506,100.0,0.0,4526.3135606060605
2436.0,262.6152777777778,100.0,0.0,4526.340833333333
2438.0,262.84255050505055,100.0,0.0,4526.368106060606
2440.0,263.06982323232324,100.0,0.0,4526.395378787878
2442.0,263.297095959596,100.0,0.0,4526.422651515151
2444.0,263.52436868686874,100.0,0.0,4526.449924242424
2446.0,263.75164141414143,100.0,0.0,4526.477196969697
2448.0,263.9789141414142,100.0,0.0,4526.504469696969
2450.0,261.19313270669903,86.63396526999558,11.59799462245349,4526.533732069461
2452.0,258.07935131732387,71.80643484439938,26.728127709796556,4526.563387130312
2454.0,254.96556992794865,56.97890441880317,41.85826079713963,4526.593042191163
2456.0,251.85178853857346,42.15137399320696,56.9883938844827,4526.622697252014
2458.0,248.73800714919827,27.32384356761075,72.11852697182576,4526.652352312865
2460.0,245.62422575982305,12.496313142014543,87.24866005916883,4526.682007373716
2462.0,242.42931920495226,0.0,100.0,4526.711962441696
2464.0,238.71762484247307,0.0,100.0,4526.744238044848
2466.0,235.00593047999388,0.0,100.0,4526.776513648
2468.0,231.2422961878301,0.0,100.0,4526.809240902715
2470.0,227.43636556189534,0.0,100.0,4526.8423359516355
2472.0,223.63043493596055,0.0,100.0,4526.875431000557
2474.0,220.0,0.0,100.0,4526.908493984016
2476.0,220.0,0.0,100.0,4526.940893637368
2478.0,220.0,0.0,100.0,4526.973605419873
2480.0,220.0,0.0,100.0,4527.006458701919
2482.0,220.0,0.0,100.0,4527.039311983965
2484.0,219.01023316061952,0.0,100.0,4527.072865284974
2486.0,212.71489637305461,0.0,100.0,4527.110170984456
2488.0,206.41955958548968,0.0,100.0,4527.147476683937
2490.0,200.12422279792474,0.0,100.0,4527.18478238342
2492.0,193.8288860103598,0.0,100.0,4527.222088082902
2494.0,191.57925123083592,0.0,100.0,4527.26109797046
2496.0,189.9430722260413,0.0,100.0,4527.300366266575
2498.0,188.2921019867506,0.0,100.0,4527.339989552318
2500.0,186.5886553510467,0.0,100.0,4527.380872271575
2502.0,184.88520871534277,0.0,100.0,4527.421754990832
2504.0,183.18176207963887,0.0,100.0,4527.4626377100885
2506.0,181.47831544393495,0.0,100.0,4527.503520429345
2508.0,179.77486880823105,0.0,100.0,4527.544403148602
2510.0,178.05539490594813,0.0,100.0,4527.585670522258
2512.0,175.92499999999913,0.20750000000008598,100.0,4527.628500000001
2514.0,173.78214285714193,0.42178571428580725,100.0,4527.671357142857
2516.0,171.6392857142847,0.6360714285715284,100.0,4527.714214285715
2518.0,169.49642857142751,0.8503571428572497,100.0,4527.757071428572
2520.0,167.66969943930727,1.7266612335239941,100.0,4527.800212022428
2522.0,166.57478045358744,4.135483002107657,100.0,4527.844008781856
2524.0,165.47362012693245,6.558035720748659,85.29724575629061,4527.888055194922
2526.0,164.36243564266007,9.002641586147831,46.98053940207161,4527.932502574294
2528.0,163.25125115838773,11.447247451547005,8.663833047852592,4527.976949953664
2530.0,162.26883143673518,15.65584281632414,0.0,4528.0220960910365
2532.0,161.3240335803993,20.379832098003572,0.0,4528.067446388141
2534.0,160.3792357240634,25.103821379683005,0.0,4528.1127966852455
2536.0,159.42754997057003,29.86225014714988,0.0,4528.158477601412
2538.0,158.4712455615537,34.64377219223153,0.0,4528.204380213046
2540.0,157.93479242897473,39.086642272808135,0.0,4528.250474725569
2542.0,157.80623423856363,43.20050436596372,0.0,4528.296755674117
2544.0,157.6776760481525,47.3143664591193,0.0,4528.343036622665
2546.0,157.5491178577414,51.428228552274874,0.0,4528.389317571213
2548.0,157.42055966733028,55.542090645430456,0.0,4528.435598519761
2550.0,157.29403678097393,59.59082300883385,0.0,4528.48114675885
2552.0,157.16852902528194,63.60707119097793,0.0,4528.5263295508985
2554.0,157.04302126958993,67.62331937312202,0.0,4528.571512342948
2556.0,158.03367317696575,70.86061171853835,0.0,4528.6159428489555
2558.0,159.597790593213,73.67602306778345,0.0,4528.65973813661
2560.0,161.1280509506516,76.43049171117293,0.0,4528.7025854266185
2562.0,162.65831130809022,79.18496035456242,0.0,4528.745432716627
2564.0,164.18857166552883,81.93942899795191,0.0,4528.7882800066345
2566.0,165.71883202296743,84.6938976413414,0.0,4528.831127296643
2568.0,167.1362474895112,87.22140217045566,0.0,4528.873812374476
2570.0,167.95886354802693,88.55815326554374,0.0,4528.914943177401
2572.0,168.78147960654266,89.89490436063183,0.0,4528.956073980327
2574.0,169.60409566505842,91.2316554557199,0.0,4528.9972047832525
2576.0,170.42671172357416,92.56840655080798,0.0,4529.038335586179
2578.0,171.2493277820899,93.90515764589605,0.0,4529.079466389105
2580.0,172.07194384060563,95.24190874098414,0.0,4529.12059719203
2582.0,172.89455989912136,96.57865983607222,0.0,4529.161727994956
2584.0,173.7171759576371,97.9154109311603,0.0,4529.202858797882
2586.0,174.53979201615286,99.25216202624837,0.0,4529.243989600807
2588.0,176.2659141564551,100.0,0.0,4529.283794462344
2590.0,179.12073885977313,100.0,0.0,4529.321668469825
2592.0,181.97556356309119,100.0,0.0,4529.359542477306
2594.0,184.83038826640922,100.0,0.0,4529.397416484787
2596.0,187.68521296972725,100.0,0.0,4529.435290492268
2598.0,190.15706056711574,100.0,0.0,4529.472980473224
2600.0,190.98733669283618,100.0,0.0,4529.509881653261
2602.0,191.81761281855663,100.0,0.0,4529.546782833297
2604.0,192.64788894427707,100.0,0.0,4529.583684013333
2606.0,193.4602396830615,100.0,0.0,4529.6197884872445
2608.0,194.26815773519147,100.0,0.0,4529.6556959473555
2610.0,195.0760757873214,100.0,0.0,4529.691603407467
2612.0,195.88399383945134,100.0,0.0,4529.727510867577
2614.0,196.69191189158127,100.0,0.0,4529.763418327688
2616.0,197.49982994371123,100.0,0.0,4529.799325787798
2618.0,198.30774799584117,100.0,0.0,4529.835233247909
2620.0,199.14055996476824,100.0,0.0,4529.8706129216625
2622.0,200.192568017084,100.0,0.0,4529.905137907077
2624.0,201.24457606939978,100.0,0.0,4529.939662892491
2626.0,202.29658412171554,100.0,0.0,4529.974187877905
2628.0,203.34859217403132,100.0,0.0,4530.0087128633195
2630.0,204.40060022634708,100.0,0.0,4530.043237848734
2632.0,205.45260827866286,100.0,0.0,4530.077762834148
2634.0,206.4923528402836,100.0,0.0,4530.11188536439
2636.0,207.52536411114266,100.0,0.0,4530.145786925925
2638.0,208.55837538200177,100.0,0.0,4530.179688487458
2640.0,209.59138665286088,100.0,0.0,4530.213590048993
2642.0,210.50737849986345,100.0,0.0,4530.247295139994
2644.0,211.34679145919543,100.0,0.0,4530.280871658368
2646.0,212.18620441852744,100.0,0.0,4530.314448176741
2648.0,213.02561737785942,100.0,0.0,4530.348024695115
2650.0,213.86256211651184,100.0,0.0,4530.381502484661
2652.0,214.6941576446513,100.0,0.0,4530.414766305786
2654.0,215.4334431052433,100.0,0.0,4530.447805269051
2656.0,216.11902973919524,100.0,0.0,4530.4807134274815
2658.0,216.8046163731472,100.0,0.0,4530.513621585911
2660.0,217.49020300709915,100.0,0.0,4530.546529744341
2662.0,218.17339374560555,100.0,0.0,4530.579322899789
2664.0,218.849636291453,100.0,0.0,4530.61178254199
2666.0,219.5258788373005,100.0,0.0,4530.64424218419
2668.0,220.29888888888922,100.0,0.0,4530.676564444445
2670.0,221.29888888888922,100.0,0.0,4530.708564444445
2672.0,222.29888888888922,100.0,0.0,4530.740564444444
2674.0,223.29888888888922,100.0,0.0,4530.7725644444445
2676.0,224.29888888888922,100.0,0.0,4530.804564444445
2678.0,225.1769736842107,100.0,0.0,4530.8364385964915
2680.0,225.7690789473686,100.0,0.0,4530.868017543859
2682.0,226.36118421052646,100.0,0.0,4530.899596491228
2684.0,226.95328947368435,100.0,0.0,4530.931175438596
2686.0,227.5453947368422,100.0,0.0,4530.962754385965
2688.0,228.1354647939638,100.0,0.0,4530.994224789011
2690.0,228.71437523394292,100.0,0.0,4531.025100012477
2692.0,229.29328567392201,100.0,0.0,4531.055975235942
2694.0,229.8721961139011,100.0,0.0,4531.086850459408
2696.0,230.4511065538802,100.0,0.0,4531.117725682873
2698.0,231.0300169938593,100.0,0.0,4531.148600906339
2700.0,231.60892743383843,100.0,0.0,4531.179476129804
2702.0,232.18783787381753,100.0,0.0,4531.21035135327
2704.0,232.76387248162723,100.0,0.0,4531.24107319902
2706.0,233.33410045012315,100.0,0.0,4531.27148535734
2708.0,233.90432841861906,100.0,0.0,4531.301897515659
2710.0,234.7834728033474,100.0,0.0,4531.3320711297065
2712.0,235.7248953974897,100.0,0.0,4531.36219665272
2714.0,236.66631799163198,100.0,0.0,4531.392322175732
2716.0,237.60774058577428,100.0,0.0,4531.422447698745
2718.0,238.54916317991658,100.0,0.0,4531.452573221757
2720.0,239.19460492751318,100.0,0.0,4531.482568394201
2722.0,239.56804721911607,100.0,0.0,4531.512443777529
2724.0,239.94148951071898,100.0,0.0,4531.542319160858
2726.0,240.3149318023219,100.0,0.0,4531.572194544186
2728.0,240.68719755528676,100.0,0.0,4531.601975804423
2730.0,241.05746461897903,100.0,0.0,4531.6315971695185
2732.0,241.42773168267126,100.0,0.0,4531.661218534614
2734.0,241.7979987463635,100.0,0.0,4531.690839899709
2736.0,242.23769542758384,100.0,0.0,4531.720310943945
2738.0,242.76074160075106,100.0,0.0,4531.749601529642
2740.0,243.28378777391828,100.0,0.0,4531.77889211534
2742.0,243.8068339470855,100.0,0.0,4531.8081827010365
2744.0,244.3298801202527,100.0,0.0,4531.837473286734
2746.0,244.85028049981108,100.0,0.0,4531.866615707989
2748.0,245.3684105684631,100.0,0.0,4531.895630991834
2750.0,245.8865406371151,100.0,0.0,4531.924646275678
2752.0,246.40467070576713,100.0,0.0,4531.9536615595225
2754.0,246.92200397821426,100.0,0.0,4531.98263222278
2756.0,247.33686067019403,100.0,0.0,4532.011253968254
2758.0,247.73368606701942,100.0,0.0,4532.039825396825
2760.0,248.13051146384484,100.0,0.0,4532.068396825397
2762.0,248.52733686067023,100.0,0.0,4532.096968253968
2764.0,248.92416225749562,100.0,0.0,4532.12553968254
2766.0,249.32098765432102,100.0,0.0,4532.154111111111
2768.0,249.71781305114644,100.0,0.0,4532.182682539682
2770.0,250.11463844797183,100.0,0.0,4532.211253968254
2772.0,250.51146384479722,100.0,0.0,4532.239825396825
2774.0,250.90828924162264,100.0,0.0,4532.268396825397
2776.0,251.30511463844803,100.0,0.0,4532.296968253968
2778.0,251.70194003527342,100.0,0.0,4532.32553968254
2780.0,252.14573365688628,100.0,0.0,4532.353995215531
2782.0,252.73127067116113,100.0,0.0,4532.382100992216
2784.0,253.31680768543598,100.0,0.0,4532.410206768901
2786.0,253.90159370810568,100.0,0.0,4532.438276497989
2788.0,254.48424428535284,100.0,0.0,4532.466243725697
2790.0,255.06689486259998,100.0,0.0,4532.494210953405
2792.0,255.64954543984715,100.0,0.0,4532.522178181112
2794.0,256.2321960170943,100.0,0.0,4532.550145408821
2796.0,256.8148465943415,100.0,0.0,4532.578112636529
2798.0,257.0,100.0,0.0,4532.606112819546
2800.0,257.0,100.0,0.0,4532.634128353082
2802.0,257.0,100.0,0.0,4532.662143886617
2804.0,257.0,100.0,0.0,4532.690167113383
2806.0,257.0,100.0,0.0,4532.718193896212
2808.0,257.0,100.0,0.0,4532.7462206790415
2810.0,257.0,100.0,0.0,4532.77421756322
2812.0,257.04738454424705,100.0,0.0,4532.802163054159
2814.0,257.13459536187963,100.0,0.0,4532.830070515802
2816.0,257.2218061795122,100.0,0.0,4532.8579779774445
2818.0,257.3090169971448,100.0,0.0,4532.885885439086
2820.0,257.3962278147774,100.0,0.0,4532.913792900729
2822.0,257.48343863240996,100.0,0.0,4532.941700362371
2824.0,257.57064945004254,100.0,0.0,4532.969607824014
2826.0,257.6578602676751,100.0,0.0,4532.997515285656
2828.0,257.7450710853077,100.0,0.0,4533.025422747299
2830.0,257.8322819029403,100.0,0.0,4533.053330208942
2832.0,257.91949272057286,100.0,0.0,4533.0812376705835
2834.0,258.0,100.0,0.0,4533.109139534884
2836.0,258.0,100.0,0.0,4533.137046511628
2838.0,258.0,100.0,0.0,4533.164953488372
2840.0,258.0,100.0,0.0,4533.192860465117
2842.0,258.0,100.0,0.0,4533.2207674418605
2844.0,258.0,100.0,0.0,4533.248674418604
2846.0,258.0,100.0,0.0,4533.276580932385
2848.0,258.0,100.0,0.0,4533.304486560691
2850.0,258.0,100.0,0.0,4533.332392188997
2852.0,258.0,100.0,0.0,4533.360297817302
2854.0,258.0,100.0,0.0,4533.388203445608
2856.0,258.0,100.0,0.0,4533.416114467278
2858.0,258.0,100.0,0.0,4533.444023255814
2860.0,258.0,100.0,0.0,4533.4719302325575
2862.0,258.0,100.0,0.0,4533.499837209302
2864.0,258.0,100.0,0.0,4533.527744186046
2866.0,258.0,100.0,0.0,4533.555651162791
2868.0,258.0,100.0,0.0,4533.583558139535
2870.0,258.0,100.0,0.0,4533.611465116279
2872.0,258.0,100.0,0.0,4533.639372093024
2874.0,258.0011600067287,100.0,0.0,4533.6672784016155
2876.0,258.11716067959907,100.0,0.0,4533.695118563104
2878.0,258.2330758224207,100.0,0.0,4533.722938197381
2880.0,258.348877379545,100.0,0.0,4533.750730571091
2882.0,258.4646789366694,100.0,0.0,4533.778522944801
2884.0,258.5804804937937,100.0,0.0,4533.80631531851
2886.0,258.69628205091806,100.0,0.0,4533.83410769222
2888.0,258.81207034969196,100.0,0.0,4533.8618968839255
2890.0,258.92783810142174,100.0,0.0,4533.889681144341
2892.0,259.0,100.0,0.0,4533.917467300124
2894.0,259.0,100.0,0.0,4533.945256592489
2896.0,259.0,100.0,0.0,4533.973045884854
2898.0,259.0,100.0,0.0,4534.00083517722
2900.0,259.0,100.0,0.0,4534.028637602237
2902.0,259.0,100.0,0.0,4534.056447601442
2904.0,259.0,100.0,0.0,4534.084257600649
2906.0,259.0,100.0,0.0,4534.112065637066
2908.0,259.0,100.0,0.0,4534.139864864865
2910.0,259.0,100.0,0.0,4534.167664092664
2912.0,259.0,100.0,0.0,4534.195463320463
2914.0,259.0,100.0,0.0,4534.223262548262
2916.0,259.0,100.0,0.0,4534.251061776062
2918.0,259.0,100.0,0.0,4534.278861003861
2920.0,259.0,100.0,0.0,4534.30666023166
2922.0,259.0,100.0,0.0,4534.334459459459
2924.0,259.1893338060899,100.0,0.0,4534.362146704487
2926.0,259.5342739386425,100.0,0.0,4534.389741915091
2928.0,259.8775459721241,100.0,0.0,4534.41720367777
2930.0,260.2207383230203,100.0,0.0,4534.444659065842
2932.0,260.5639306739165,100.0,0.0,4534.4721144539135
2934.0,260.90712302481273,100.0,0.0,4534.499569841985
2936.0,261.2503153757089,100.0,0.0,4534.527025230057
2938.0,261.59350772660514,100.0,0.0,4534.554480618129
2940.0,261.9367000775013,100.0,0.0,4534.5819360062005
2942.0,262.0,100.0,0.0,4534.609412213741
2944.0,262.0,100.0,0.0,4534.636893129771
2946.0,262.0,100.0,0.0,4534.664374045802
2948.0,262.0,100.0,0.0,4534.691854961832
2950.0,262.0,100.0,0.0,4534.719335877863
2952.0,262.0,100.0,0.0,4534.746816793893
2954.0,262.1701831587428,100.0,0.0,4534.774229305399
2956.0,262.3414724277849,100.0,0.0,4534.801635588446
2958.0,262.5127616968269,100.0,0.0,4534.829041871492
2960.0,262.6839417282948,100.0,0.0,4534.8564306765265
2962.0,262.85468149092065,100.0,0.0,4534.883749038548
2964.0,263.04047038523134,100.0,0.0,4534.911047038523
2966.0,263.31228640544214,100.0,0.0,4534.938228640544
2968.0,263.58410242565293,100.0,0.0,4534.965410242566
2970.0,263.8559184458637,100.0,0.0,4534.992591844586
2972.0,264.1277344660745,100.0,0.0,4535.019773446607
2974.0,264.3995504862853,100.0,0.0,4535.046955048629
2976.0,264.67129106664174,100.0,0.0,4535.074129106664
2978.0,264.9424533398062,100.0,0.0,4535.101245333981
2980.0,265.1333554216557,100.0,0.0,4535.128336867465
2982.0,265.30263592869403,100.0,0.0,4535.155421748591
2984.0,265.4719164357323,100.0,0.0,4535.182506629717
2986.0,265.6411969427706,100.0,0.0,4535.209591510843
2988.0,265.8104774498089,100.0,0.0,4535.23667639197
2990.0,265.9791252890058,100.0,0.0,4535.263660046241
2992.0,266.1470630042123,100.0,0.0,4535.290530080674
2994.0,266.3150007194188,100.0,0.0,4535.317400115107
2996.0,266.4829384346253,100.0,0.0,4535.34427014954
2998.0,266.6508761498318,100.0,0.0,4535.371140183973
3000.0,266.8188138650383,100.0,0.0,4535.398010218406
3002.0,266.9867515802448,100.0,0.0,4535.424880252839
3004.0,267.7648839686349,100.0,0.0,4535.451476286996
3006.0,268.5952766969479,100.0,0.0,4535.478048854302
3008.0,269.42295368009303,100.0,0.0,4535.504534517763
3010.0,270.2480485530621,100.0,0.0,4535.530937553698
3012.0,271.07314342603127,100.0,0.0,4535.557340589633
3014.0,271.89823829900035,100.0,0.0,4535.583743625569
3016.0,272.3446820683364,100.0,0.0,4535.609978804556
3018.0,272.7378555303171,100.0,0.0,4535.636190368688
3020.0,273.13102899229784,100.0,0.0,4535.66240193282
3022.0,273.52420245427857,100.0,0.0,4535.688613496952
3024.0,273.9173759162593,100.0,0.0,4535.7148250610835
3026.0,274.3099409766389,100.0,0.0,4535.740996065109
3028.0,274.70152554222847,100.0,0.0,4535.767101702815
3030.0,275.07747904120936,100.0,0.0,4535.793198323297
3032.0,275.403325476202,100.0,0.0,4535.819266038096
3034.0,275.72846226729007,100.0,0.0,4535.845276981383
3036.0,276.05301812646167,100.0,0.0,4535.871241450117
3038.0,276.3775739856332,100.0,0.0,4535.897205918851
3040.0,276.70212984480474,100.0,0.0,4535.923170387585
3042.0,277.03539665397614,100.0,0.0,4535.949114950641
3044.0,277.46589649963244,100.0,0.0,4535.974837323308
3046.0,277.8963963452888,100.0,0.0,4536.000559695974
3048.0,278.32689619094515,100.0,0.0,4536.026282068639
3050.0,278.7572811519851,100.0,0.0,4536.0519975764755
3052.0,279.1848389592165,100.0,0.0,4536.077544150187
3054.0,279.61239676644783,100.0,0.0,4536.103090723899
3056.0,280.0399545736792,100.0,0.0,4536.128637297611
3058.0,280.4675123809106,100.0,0.0,4536.154183871323
3060.0,280.895070188142,100.0,0.0,4536.179730445035
3062.0,281.2399734982332,100.0,0.0,4536.205197879858
3064.0,281.55799469964666,100.0,0.0,4536.2306395759715
3066.0,281.87601590106004,100.0,0.0,4536.256081272085
3068.0,282.1940371024735,100.0,0.0,4536.281522968197
3070.0,282.51205830388693,100.0,0.0,4536.306964664311
3072.0,282.8300795053003,100.0,0.0,4536.332406360423
3074.0,283.1681051551704,100.0,0.0,4536.3577673608615
3076.0,283.52908252386317,100.0,0.0,4536.383035776671
3078.0,283.8880757234292,100.0,0.0,4536.408165300641
3080.0,284.2463140032172,100.0,0.0,4536.433241980226
3082.0,284.6045522830052,100.0,0.0,4536.45831865981
3084.0,284.9627905627932,100.0,0.0,4536.483395339395
3086.0,285.3210288425812,100.0,0.0,4536.508472018981
3088.0,285.6792671223692,100.0,0.0,4536.533548698566
3090.0,286.0375054021572,100.0,0.0,4536.558625378151
3092.0,286.3949864442564,100.0,0.0,4536.583649051097
3094.0,286.75183887330155,100.0,0.0,4536.608628721131
3096.0,287.09426379247355,100.0,0.0,4536.633588235294
3098.0,287.40374820004735,100.0,0.0,4536.658501730104
3100.0,287.7132326076211,100.0,0.0,4536.683415224914
3102.0,288.02271701519487,100.0,0.0,4536.708328719724
3104.0,288.3322014227686,100.0,0.0,4536.733242214533
3106.0,288.6416858303424,100.0,0.0,4536.758155709343
3108.0,288.9511702379162,100.0,0.0,4536.7830692041525
3110.0,289.20844173651614,100.0,0.0,4536.807844173652
3112.0,289.4559319249918,100.0,0.0,4536.832593192499
3114.0,289.7034221134674,100.0,0.0,4536.857342211347
3116.0,289.95091230194305,100.0,0.0,4536.882091230194
3118.0,290.1984024904187,100.0,0.0,4536.906840249042
3120.0,290.4458926788943,100.0,0.0,4536.931589267889
3122.0,290.69338286736996,100.0,0.0,4536.956338286736
3124.0,290.9405301912334,100.0,0.0,4536.9810530191235
3126.0,291.18654688600657,100.0,0.0,4537.005654688601
3128.0,291.4323626948001,100.0,0.0,4537.03023626948
3130.0,291.67817850359353,100.0,0.0,4537.0548178503595
3132.0,291.923994312387,100.0,0.0,4537.079399431239
3134.0,292.1698101211805,100.0,0.0,4537.103981012118
3136.0,292.41562592997394,100.0,0.0,4537.128562592998
3138.0,292.66144173876745,100.0,0.0,4537.153144173877
3140.0,292.90697810031577,100.0,0.0,4537.1776978100315
3142.0,293.1413851351352,100.0,0.0,4537.202081081081
3144.0,293.3694256756757,100.0,0.0,4537.226405405405
3146.0,293.5974662162162,100.0,0.0,4537.25072972973
3148.0,293.8255067567568,100.0,0.0,4537.275054054054
3150.0,294.0535472972973,100.0,0.0,4537.299378378379
3152.0,294.2815878378379,100.0,0.0,4537.323702702703
3154.0,294.5096283783784,100.0,0.0,4537.348027027027
3156.0,294.7376689189189,100.0,0.0,4537.372351351351
3158.0,294.9657094594595,100.0,0.0,4537.396675675675
3160.0,295.19375,100.0,0.0,4537.420999999999
3162.0,295.42179054054054,100.0,0.0,4537.445324324324
3164.0,295.6498310810811,100.0,0.0,4537.469648648648
3166.0,295.87787162162164,100.0,0.0,4537.493972972972
3168.0,296.07033568243355,100.0,0.0,4537.518253709189
3170.0,296.22177614700337,100.0,0.0,4537.54248418352
3172.0,296.3732166115732,100.0,0.0,4537.566714657852
3174.0,296.5242944698198,100.0,0.0,4537.590887115171
3176.0,296.6752944197253,100.0,0.0,4537.615047107156
3178.0,296.82629436963083,100.0,0.0,4537.639207099141
3180.0,296.9772943195363,100.0,0.0,4537.663367091126
3182.0,297.1282942694419,100.0,0.0,4537.687527083111
3184.0,297.27929421934743,100.0,0.0,4537.711687075096
3186.0,297.43029416925293,100.0,0.0,4537.735847067081
3188.0,297.5812941191585,100.0,0.0,4537.760007059065
3190.0,297.732294069064,100.0,0.0,4537.784167051051
3192.0,297.8827795608295,100.0,0.0,4537.808244729733
3194.0,298.0790076315715,100.0,0.0,4537.832267175439
3196.0,298.43813322962393,100.0,0.0,4537.856208881975
3198.0,298.7972588276763,100.0,0.0,4537.880150588512
3200.0,299.1563844257287,100.0,0.0,4537.904092295049
3202.0,299.515510023781,100.0,0.0,4537.928034001586
3204.0,299.8746356218334,100.0,0.0,4537.9519757081225
3206.0,300.23376121988576,100.0,0.0,4537.975917414659
3208.0,300.5922283627695,100.0,0.0,4537.999815224184
3210.0,300.94957449081954,100.0,0.0,4538.023638299388
3212.0,301.2542763157894,100.0,0.0,4538.047342105263
3214.0,301.55032894736837,100.0,0.0,4538.07102631579
3216.0,301.84638157894733,100.0,0.0,4538.094710526316
3218.0,302.14243421052623,100.0,0.0,4538.118394736842
3220.0,302.4384868421052,100.0,0.0,4538.142078947369
3222.0,302.73453947368415,100.0,0.0,4538.165763157895
3224.0,303.0305921052631,100.0,0.0,4538.189447368421
3226.0,303.326644736842,100.0,0.0,4538.2131315789475
3228.0,303.622697368421,100.0,0.0,4538.236815789473
3230.0,303.91874999999993,100.0,0.0,4538.260499999999
3232.0,304.0856851363155,100.0,0.0,4538.284137027263
3234.0,304.2037810362909,100.0,0.0,4538.307756207258
3236.0,304.3218769362663,100.0,0.0,4538.331375387253
3238.0,304.4399728362417,100.0,0.0,4538.3549945672485
3240.0,304.55806873621714,100.0,0.0,4538.378613747243
3242.0,304.67616463619254,100.0,0.0,4538.402232927238
3244.0,304.79426053616794,100.0,0.0,4538.425852107233
3246.0,304.9120828946326,100.0,0.0,4538.4494165789265
3248.0,305.05941368078174,100.0,0.0,4538.472941368078
3250.0,305.29394136807815,100.0,0.0,4538.496394136808
3252.0,305.5284690553746,100.0,0.0,4538.519846905538
3254.0,305.762996742671,100.0,0.0,4538.5432996742675
3256.0,305.9975244299674,100.0,0.0,4538.566752442996
3258.0,306.23205211726383,100.0,0.0,4538.590205211726
3260.0,306.46657980456024,100.0,0.0,4538.613657980456
3262.0,306.70110749185665,100.0,0.0,4538.637110749186
3264.0,306.9356351791531,100.0,0.0,4538.660563517916
3266.0,307.0706861180839,100.0,0.0,4538.68396466834
3268.0,307.16810955801583,100.0,0.0,4538.707346293924
3270.0,307.26553299794773,100.0,0.0,4538.730727919507
3272.0,307.36295643787963,100.0,0.0,4538.7541095450915
3274.0,307.46037987781153,100.0,0.0,4538.777491170675
3276.0,307.55780331774343,100.0,0.0,4538.800872796258
3278.0,307.65522675767534,100.0,0.0,4538.824254421842
3280.0,307.75265019760724,100.0,0.0,4538.847636047425
3282.0,307.84999721748346,100.0,0.0,4538.870999332195
3284.0,307.94733139503563,100.0,0.0,4538.894359534808
3286.0,308.04465620387793,100.0,0.0,4538.917717488931
3288.0,308.14186150947666,100.0,0.0,4538.941046762274
3290.0,308.2389237994692,100.0,0.0,4538.964341711872
3292.0,308.3359860894618,100.0,0.0,4538.987636661471
3294.0,308.4330483794544,100.0,0.0,4539.010931611068
3296.0,308.530110669447,100.0,0.0,4539.034226560667
3298.0,308.6271729594396,100.0,0.0,4539.057521510265
3300.0,308.7242352494322,100.0,0.0,4539.080816459864
3302.0,308.8212975394248,100.0,0.0,4539.104111409461
3304.0,308.91835982941734,100.0,0.0,4539.12740635906
3306.0,309.0250911779813,100.0,0.0,4539.150680039437
3308.0,309.1820045706375,100.0,0.0,4539.1736940036935
3310.0,309.3389039116087,100.0,0.0,4539.196705907036
3312.0,309.4958032525799,100.0,0.0,4539.219717810378
3314.0,309.6527025935511,100.0,0.0,4539.242729713721
3316.0,309.8096019345223,100.0,0.0,4539.265741617063
3318.0,309.9665012754935,100.0,0.0,4539.288753520405
3320.0,310.12340061646466,100.0,0.0,4539.311765423748
3322.0,310.28029995743583,100.0,0.0,4539.334777327091
3324.0,310.43739364979166,100.0,0.0,4539.357817735303
3326.0,310.59495173925006,100.0,0.0,4539.380926255089
3328.0,310.75250982870847,100.0,0.0,4539.404034774877
3330.0,310.9100679181669,100.0,0.0,4539.427143294664
3332.0,311.0676260076252,100.0,0.0,4539.450251814452
3334.0,311.2251840970836,100.0,0.0,4539.473360334238
3336.0,311.38274218654203,100.0,0.0,4539.496468854026
3338.0,311.54030027600044,100.0,0.0,4539.519577373813
3340.0,311.69785836545884,100.0,0.0,4539.542685893601
3342.0,311.85541645491725,100.0,0.0,4539.565794413388
3344.0,311.8849016630814,99.39421927937587,0.0,4539.589180810594
3346.0,310.6368474073387,92.82551267020342,0.0,4539.612828154388
3348.0,309.3887931515959,86.25680606103097,0.0,4539.6364754981805
3350.0,308.14073889585313,79.68809945185852,0.0,4539.660122841974
3352.0,306.89268464011036,73.11939284268607,0.0,4539.683770185767
3354.0,305.6446303843676,66.5506862335136,0.0,4539.707417529559
3356.0,304.33198807362976,59.642042492788185,9.020613146594298,4539.7322886470265
3358.0,303.007813928438,52.6727048865157,19.651806105315032,4539.757378262409
3360.0,301.68363978324624,45.70336728024322,30.282999064035767,4539.7824678777915
3362.0,300.3594656380545,38.73402967397074,40.9141920227565,4539.807557493174
3364.0,299.03529149286265,31.764692067698263,51.545384981477234,4539.832647108557
3366.0,297.7111173476709,24.79535446142578,62.176577940197966,4539.857736723939
3368.0,296.38694320247913,17.8260168551533,72.8077708989187,4539.882826339322
3370.0,295.06276905728737,10.856679248880816,83.43896385763944,4539.907915954705
3372.0,293.7385949120956,3.887341642608341,94.07015681636017,4539.933005570087
3374.0,289.64645141078915,0.0,100.0,4539.959478320332
3376.0,282.0630500784063,0.0,100.0,4539.987695627616
3378.0,274.4796487460235,0.0,100.0,4540.015912934899
3380.0,266.8962474136406,0.0,100.0,4540.044130242182
3382.0,258.96085180504735,0.0,100.0,4540.073657295609
3384.0,250.9121825190743,0.0,100.0,4540.103605832487
3386.0,246.31255924170478,0.0,100.0,4540.137255924171
3388.0,242.1537914691929,0.0,100.0,4540.171379146919
3390.0,237.99502369668105,0.0,100.0,4540.2055023696685
3392.0,233.83625592416917,0.0,100.0,4540.239625592417
3394.0,229.67748815165731,0.0,100.0,4540.273748815166
3396.0,225.51872037914544,0.0,100.0,4540.307872037914
3398.0,221.35995260663358,0.0,100.0,4540.341995260664
3400.0,217.2011848341217,0.0,100.0,4540.376118483412
3402.0,213.04241706160985,0.0,100.0,4540.410241706161
3404.0,209.33537871914544,0.0,100.0,4540.44602424321
3406.0,206.0642888659402,0.0,100.0,4540.483408127247
3408.0,202.62005618664304,0.0,100.0,4540.522770786439
3410.0,199.13170166906508,0.0,100.0,4540.5626376952105
3412.0,195.64334715148715,0.0,100.0,4540.602504603983
3414.0,192.1549926339092,0.0,100.0,4540.642371512756
3416.0,188.66663811633126,0.0,100.0,4540.6822384215275
3418.0,185.1782835987533,0.0,100.0,4540.7221053303
3420.0,181.68039041703545,0.0,100.0,4540.763795031056
3422.0,178.16663708961758,0.0,100.0,4540.8085155279505
3424.0,174.65288376219968,0.0,100.0,4540.853236024845
3426.0,171.1391304347818,0.0,100.0,4540.89795652174
3428.0,167.6253771073639,0.0,100.0,4540.942677018634
3430.0,164.11162377994603,0.0,100.0,4540.987397515528
3432.0,160.58652956513984,0.0,100.0,4541.032512939131
3434.0,156.97368110520304,0.0,100.0,4541.0806842519305
3436.0,153.36083264526624,0.0,100.0,4541.12885556473
3438.0,149.73342015940062,0.0,100.0,4541.177221064541
3440.0,147.19061522419148,0.0,100.0,4541.229218978102
3442.0,144.93826903023944,0.0,100.0,4541.281773722628
3444.0,142.6859228362874,0.0,100.0,4541.334328467153
3446.0,140.43357664233537,0.0,100.0,4541.386883211679
3448.0,138.18123044838333,0.0,100.0,4541.439437956204
3450.0,136.22137996907665,0.0,100.0,4541.492954001031
3452.0,134.5741465717883,0.0,100.0,4541.54786178094
3454.0,132.92199869576893,0.0,100.0,4541.602933376808
3456.0,131.2698508197496,0.0,100.0,4541.658004972675
3458.0,131.0,0.0,100.0,4541.712755393321
3460.0,131.0,0.0,61.720234904538366,4541.767748574492
3462.0,131.0,0.0,4.276376151595372,4541.822894678895
3464.0,129.00079999999957,1.3328000000002915,0.0,4541.880312
3466.0,126.8407999999996,2.7728000000002653,0.0,4541.937912
3468.0,124.85443138312708,4.109176462654692,0.0,4541.995734117012
3470.0,123.8693805922588,4.847964555805897,0.0,4542.0548371644645
3472.0,122.88363674449707,5.587272441627201,0.0,4542.11398179533
3474.0,121.88465438147554,6.33650921389335,0.0,4542.173920737111
3476.0,120.92518159806282,7.2992736077487,0.0,4542.233983050847
3478.0,120.27142857142846,9.91428571428619,0.0,4542.295
3480.0,119.61767554479408,12.529297820823679,0.0,4542.356016949152
3482.0,118.9639225181597,15.14430992736117,0.0,4542.417033898305
3484.0,118.31016949152533,17.759322033898663,0.0,4542.478050847457
3486.0,117.5928884398173,21.035557800913512,0.0,4542.539568924814
3488.0,116.81671107336594,24.91644463317029,0.0,4542.601663114131
3490.0,116.04053370691459,28.79733146542707,0.0,4542.663757303447
3492.0,116.48530547449066,31.426527372453332,0.0,4542.7249939937765
3494.0,116.99735110994382,33.98675554971912,0.0,4542.786183436213
3496.0,117.50721090294194,36.53605451470971,0.0,4542.847111687132
3498.0,118.00777310924373,39.0,0.0,4542.907865546218
3500.0,118.25987394957987,39.0,0.0,4542.9683697478995
3502.0,118.511974789916,39.0,0.0,4543.02887394958
3504.0,118.76407563025214,39.0,0.0,4543.0893781512605
3506.0,119.04103196666883,39.1641278666753,0.0,4543.149843326669
3508.0,119.6775404643177,41.71016185727084,0.0,4543.209462948567
3510.0,120.3080461621812,44.23218464872481,0.0,4543.268520320954
3512.0,120.9385518600447,46.754207440178774,0.0,4543.327577693341
3514.0,121.56905755790818,49.27623023163274,0.0,4543.386635065727
3516.0,122.53701542911016,51.96662777239828,0.0,4543.444184493731
3518.0,124.31064436928966,55.15915986472138,0.0,4543.500940619817
3520.0,126.08427330946915,58.35169195704449,0.0,4543.557696745903
3522.0,127.5298165402582,62.25172029609733,0.0,4543.613490827013
3524.0,128.63232494773177,66.93738102786003,0.0,4543.668616247387
3526.0,129.73483335520535,71.62304175962272,0.0,4543.72374166776
3528.0,130.8316978471841,76.28471585053241,0.0,4543.7785848923595
3530.0,132.87466826587058,78.09355648842451,0.0,4543.830742259537
3532.0,135.07991935107827,79.37995295479566,0.0,4543.882198118192
3534.0,137.20929129552326,80.62208658905523,0.0,4543.931883463562
3536.0,139.33866323996824,81.8642202233148,0.0,4543.981568808933
3538.0,141.46803518441322,83.10635385757438,0.0,4544.031254154303
3540.0,143.39044110173734,84.39044110173734,0.0,4544.080665438561
3542.0,144.78211235545453,85.78211235545454,0.0,4544.129373932441
3544.0,146.16772993141367,87.16772993141369,0.0,4544.1778705476
3546.0,147.51776777976022,88.51776777976023,0.0,4544.225121872292
3548.0,148.86780562810677,89.86780562810678,0.0,4544.272373196984
3550.0,150.2178434764533,91.21784347645333,0.0,4544.319624521676
3552.0,151.78668905130857,92.39334452565429,0.0,4544.364700503655
3554.0,153.71327448308483,93.35663724154242,0.0,4544.408048675869
3556.0,155.6398599148611,94.31992995743055,0.0,4544.451396848084
3558.0,157.56644534663735,95.28322267331868,0.0,4544.494745020299
3560.0,159.4930307784136,96.2465153892068,0.0,4544.538093192514
3562.0,161.41961621018987,97.20980810509494,0.0,4544.5814413647295
3564.0,163.3339562054459,98.16697810272295,0.0,4544.624514014622
3566.0,165.22204743010903,99.11102371505451,0.0,4544.666996067178
3568.0,167.04093567251465,100.0,0.0,4544.709456140351
3570.0,167.74269005847958,100.0,0.0,4544.751561403509
3572.0,168.44444444444449,100.0,0.0,4544.793666666667
3574.0,169.1461988304094,100.0,0.0,4544.835771929825
3576.0,169.8479532163743,100.0,0.0,4544.877877192983
3578.0,170.5497076023392,100.0,0.0,4544.91998245614
3580.0,171.64801061597672,100.0,0.0,4544.96140023591
3582.0,173.42873164161983,100.0,0.0,4545.000971814258
3584.0,175.1320609059823,100.0,0.0,4545.038823575688
3586.0,176.83539017034477,100.0,0.0,4545.076675337119
3588.0,178.53871943470725,100.0,0.0,4545.114527098549
3590.0,180.2420486990697,100.0,0.0,4545.152378859979
3592.0,181.94537796343215,100.0,0.0,4545.19023062141
3594.0,183.64870722779463,100.0,0.0,4545.22808238284
3596.0,185.35203649215708,100.0,0.0,4545.2659341442695
3598.0,187.05536575651954,100.0,0.0,4545.3037859057
3600.0,188.75869502088202,100.0,0.0,4545.34163766713
3602.0,190.19469468384662,100.0,0.0,4545.378858524902
3604.0,191.58657198541547,100.0,0.0,4545.415975252944
3606.0,192.96940185228996,100.0,0.0,4545.45285071606
3608.0,194.34607856260195,100.0,0.0,4545.489562095002
3610.0,195.70522388059715,100.0,0.0,4545.525805970149
3612.0,197.04850746268667,100.0,0.0,4545.561626865671
3614.0,198.39179104477623,100.0,0.0,4545.597447761194
3616.0,199.73507462686575,100.0,0.0,4545.633268656717
3618.0,201.043809595362,100.0,0.0,4545.669044447784
3620.0,201.79483123013839,100.0,0.0,4545.704092124073
3622.0,202.54585286491476,100.0,0.0,4545.739139800363
3624.0,203.29687449969117,100.0,0.0,4545.7741874766525
3626.0,204.04789613446755,100.0,0.0,4545.809235152941
3628.0,204.79891776924393,100.0,0.0,4545.844282829231
3630.0,205.53673917491096,100.0,0.0,4545.878714494829
3632.0,206.27143080257076,100.0,0.0,4545.91300010412
3634.0,207.00807393073006,100.0,0.0,4545.9472825875755
3636.0,207.97261080644745,100.0,0.0,4545.981041378225
3638.0,208.92706139291158,100.0,0.0,4546.014447148752
3640.0,209.88151197937572,100.0,0.0,4546.047852919278
3642.0,210.83596256583985,100.0,0.0,4546.081258689804
3644.0,211.79041315230398,100.0,0.0,4546.1146644603305
3646.0,212.74486373876812,100.0,0.0,4546.148070230856
3648.0,213.7031511363235,100.0,0.0,4546.181610289771
3650.0,214.66180738051995,100.0,0.0,4546.215163258318
3652.0,214.5602650384778,94.50331298097275,0.0,4546.248986748076
3654.0,213.88084621380875,86.01057767260917,0.0,4546.282957689309
3656.0,213.20142738913967,77.5178423642456,0.0,4546.316928630543
3658.0,212.52200856447058,69.02510705588202,0.0,4546.350899571776
3660.0,211.81887816563523,60.23597707044037,12.701482506608158,4546.386056091718
3662.0,211.11567746047564,51.44596825594546,25.440625716021074,4546.421216126976
3664.0,210.41247675531605,42.65595944145055,38.17976892543399,4546.456376162234
3666.0,209.70927605015646,33.86595062695563,50.918912134846906,4546.491536197492
3668.0,209.00607534499687,25.07594181246072,63.65805534425982,4546.5266962327505
3670.0,208.30287463983726,16.28593299796581,76.39719855367274,4546.561856268008
3672.0,207.59967393467767,7.4959241834708905,89.13634176308565,4546.597016303266
3674.0,206.52837064982475,0.0,100.0,4546.632390049716
3676.0,203.32485053542962,0.0,100.0,4546.669001708166
3678.0,200.0415651732198,0.0,100.0,4546.706524969449
3680.0,196.75367481996503,0.0,100.0,4546.7441008592
3682.0,193.4657844667103,0.0,100.0,4546.781676748952
3684.0,190.62079626307894,0.0,100.0,4546.820988624813
3686.0,187.84890841423967,0.0,100.0,4546.860587022654
3688.0,185.0770205654004,0.0,100.0,4546.900185420494
3690.0,182.22578706664868,0.0,100.0,4546.940917327619
3692.0,179.33306232107722,0.0,100.0,4546.982241966842
3694.0,176.91594076655036,0.0,100.0,4547.025902439024
3696.0,174.56402439024373,0.0,100.0,4547.069804878049
3698.0,172.2121080139371,0.0,100.0,4547.113707317073
3700.0,169.86019163763044,0.0,100.0,4547.157609756097
3702.0,167.5082752613238,0.0,100.0,4547.201512195122
3704.0,165.15635888501717,0.0,100.0,4547.245414634146
3706.0,163.42519607635447,0.0,100.0,4547.289992156946
3708.0,162.29252213039805,0.0,100.0,4547.335299114784
3710.0,161.1412786458401,0.0,100.0,4547.381348854166
3712.0,159.99003516128215,0.0,100.0,4547.427398593549
3714.0,158.83879167672418,0.0,100.0,4547.473448332931
3716.0,157.68754819216625,0.0,100.0,4547.519498072313
3718.0,156.42903566778392,0.3806428881440473,100.0,4547.566032144407
3720.0,155.01146904986913,1.325687300087237,100.0,4547.613284365004
3722.0,153.58842573845016,2.2743828410332316,89.87589369618586,4547.660719142052
3724.0,152.1437230007104,3.237517999526393,39.71260419133369,4547.708875899976
3726.0,150.74378681300524,4.073203767712787,0.0,4547.75724852748
3728.0,149.51396351543133,4.4245818527339065,0.0,4547.806441459383
3730.0,148.28108658809649,4.776832403401008,0.0,4547.855756536475
3732.0,147.0188497562252,5.137471498221376,0.0,4547.906246009751
3734.0,145.7566129243539,5.498110593041743,0.0,4547.956735483026
3736.0,144.4943760924826,5.85874968786211,0.0,4548.007224956301
3738.0,143.34722298117845,6.130555403764313,0.0,4548.058333296904
3740.0,142.27416486804754,6.345167026390495,0.0,4548.109840086334
3742.0,141.19475916029413,6.561048167941178,0.0,4548.161651560306
3744.0,140.11092747619819,6.777814504760364,0.0,4548.213675481143
3746.0,139.02709579210224,6.99458084157955,0.0,4548.265699401979
3748.0,138.68255517261957,8.587224136902183,0.0,4548.317791172381
3750.0,138.3569707342807,10.215146328596504,0.0,4548.3698846825155
3752.0,138.02997723041995,11.850113847900257,0.0,4548.422203643133
3754.0,137.7327864288876,15.740989995573573,0.0,4548.4750984428
3756.0,137.43860635059877,19.85951109161698,0.0,4548.528050856892
3758.0,137.14442627230997,23.97803218766039,0.0,4548.581003270984
3760.0,136.85024619402117,28.096553283703795,0.0,4548.633955685076
3762.0,136.55606611573234,32.21507437974721,0.0,4548.686908099168
3764.0,136.26204708895713,36.33134075460011,0.0,4548.739831523988
3766.0,136.02846715328474,40.0,0.0,4548.792693430657
3768.0,136.29124087591248,40.0,0.0,4548.845248175183
3770.0,136.5540145985402,40.0,0.0,4548.897802919708
3772.0,136.81678832116793,40.0,0.0,4548.950357664234
3774.0,137.09871250679544,40.74034380096577,0.0,4549.002794001087
3776.0,137.4244289032689,43.18321677451678,0.0,4549.054908624523
3778.0,137.75014529974237,45.626089748067784,0.0,4549.107023247959
3780.0,138.0752282364457,48.06421177334271,0.0,4549.159036517831
3782.0,138.3968879802907,50.47665985218022,0.0,4549.210502076847
3784.0,138.7185477241357,52.88910793101773,0.0,4549.261967635862
3786.0,139.09919478862443,55.2579064504235,0.0,4549.313328625952
3788.0,139.89275309761834,57.3211580538077,0.0,4549.363957633564
3790.0,140.68631140661228,59.38440965719191,0.0,4549.414586641175
3792.0,141.47455290766067,61.43383755991779,0.0,4549.464876443183
3794.0,142.25041990991554,63.45109176578043,0.0,4549.514376767858
3796.0,143.0262869121704,65.46834597164307,0.0,4549.563877092533
3798.0,143.80215391442528,67.48560017750572,0.0,4549.613377417208
3800.0,145.03823152851726,69.4831878978818,0.0,4549.661596509549
3802.0,146.42846125369798,71.46923036242566,0.0,4549.709261528698
3804.0,147.81869097887866,73.45527282696953,0.0,4549.756926547847
3806.0,149.20892070405938,75.4413152915134,0.0,4549.804591566996
3808.0,150.5991504292401,77.42735775605726,0.0,4549.852256586146
3810.0,151.95214455407134,80.72041301163243,0.0,4549.898780984869
3812.0,153.29005259257838,84.54300740736683,0.0,4549.944843258689
3814.0,154.62796063108541,88.36560180310124,0.0,4549.990905532509
3816.0,155.9365392561949,92.10439787484253,0.0,4550.035958013258
3818.0,157.24505760703164,95.84302173437612,0.0,4550.0810084188015
3820.0,158.69774724055128,95.90675827834615,0.0,4550.125606593081
3822.0,160.34705128912796,90.9588461326161,0.0,4550.169588034377
3824.0,161.99635533770464,86.01093398688604,0.0,4550.213569475673
3826.0,163.6413168979392,81.0760493061824,0.0,4550.257435117279
3828.0,164.92828814283735,82.0628625396385,0.0,4550.300005800634
3830.0,166.12052407370192,84.7122757193376,0.0,4550.342396411509
3832.0,167.3127600045665,87.36168889903668,0.0,4550.384787022384
3834.0,168.49014916164634,89.97810924810297,0.0,4550.426649747969
3836.0,169.6434817622057,92.54107058267932,0.0,4550.467657129323
3838.0,170.79681436276508,95.1040319172557,0.0,4550.508664510677
3840.0,171.95014696332444,97.66699325183207,0.0,4550.549671892029
3842.0,173.14437841188789,100.0,0.0,4550.590609460298
3844.0,174.75354956605196,100.0,0.0,4550.630838739152
3846.0,176.3397947166177,100.0,0.0,4550.670494867915
3848.0,177.92594759741363,100.0,0.0,4550.7101486899355
3850.0,179.5121004782096,100.0,0.0,4550.749802511956
3852.0,181.06063873243014,100.0,0.0,4550.789425549297
3854.0,182.0395599734483,100.0,0.0,4550.828582398938
3856.0,183.01848121446645,100.0,0.0,4550.867739248579
3858.0,183.99058013895234,100.0,0.0,4550.9066232055575
3860.0,184.9526959715635,100.0,0.0,4550.945107838863
3862.0,186.26609452738936,100.0,0.0,4550.982450646767
3864.0,187.5976575710939,100.0,0.0,4551.019734411991
3866.0,188.92922061479845,100.0,0.0,4551.057018177215
3868.0,190.260783658503,100.0,0.0,4551.094301942438
3870.0,191.5754103291304,100.0,0.0,4551.131111489215
3872.0,192.87629909299363,100.0,0.0,4551.1675363746035
3874.0,194.17718785685688,100.0,0.0,4551.203961259992
3876.0,195.39557612790853,100.0,0.0,4551.24018587093
3878.0,196.47197375486962,100.0,0.0,4551.276065791829
3880.0,197.54837138183075,100.0,0.0,4551.311945712728
3882.0,198.62476900879184,100.0,0.0,4551.347825633627
3884.0,199.70116663575297,100.0,0.0,4551.3837055545255
3886.0,200.7723661764035,100.0,0.0,4551.41941220588
3888.0,201.9600949279879,100.0,0.0,4551.453882657984
3890.0,203.1844455269096,100.0,0.0,4551.488164474753
3892.0,204.40879612583126,100.0,0.0,4551.522446291523
3894.0,205.63314672475295,100.0,0.0,4551.556728108293
3896.0,206.8574973236746,100.0,0.0,4551.591009925063
3898.0,208.0818479225963,100.0,0.0,4551.625291741833
3900.0,209.28901888342546,100.0,0.0,4551.659092528736
3902.0,210.49275779678663,100.0,0.0,4551.69279721831
3904.0,211.4157131397829,100.0,0.0,4551.726399946523
3906.0,212.13418040008915,100.0,0.0,4551.759928418671
3908.0,212.8526476603954,100.0,0.0,4551.793456890819
3910.0,213.56548115630378,100.0,0.0,4551.82672245396
3912.0,214.2721318871323,100.0,0.0,4551.859699488066
3914.0,214.97878261796083,100.0,0.0,4551.892676522171
3916.0,215.6854333487894,100.0,0.0,4551.925653556277
3918.0,216.39208407961792,100.0,0.0,4551.958630590382
3920.0,217.10511768012307,100.0,0.0,4551.991452042923
3922.0,217.85745097722543,100.0,0.0,4552.0233155708
3924.0,218.6097842743278,100.0,0.0,4552.055179098677
3926.0,219.3621175714302,100.0,0.0,4552.087042626555
3928.0,220.11445086853254,100.0,0.0,4552.118906154432
3930.0,220.86678416563493,100.0,0.0,4552.150769682309
3932.0,221.58740082404324,100.0,0.0,4552.181289917254
3934.0,222.3077865573276,100.0,0.0,4552.21180037184
3936.0,223.028172290612,100.0,0.0,4552.242310826426
3938.0,223.74855802389635,100.0,0.0,4552.2728212810125
3940.0,224.46894375718074,100.0,0.0,4552.3033317355985
3942.0,225.1893294904651,100.0,0.0,4552.333842190184
3944.0,225.9097152237495,100.0,0.0,4552.36435264477
3946.0,226.63010095703385,100.0,0.0,4552.394863099357
3948.0,227.35048669031823,100.0,0.0,4552.425373553943
3950.0,228.0708724236026,100.0,0.0,4552.455884008529
3952.0,228.79125815688698,100.0,0.0,4552.486394463115
3954.0,229.51100038536137,100.0,0.0,4552.51687766338
3956.0,230.22806115710117,100.0,0.0,4552.5472472960655
3958.0,230.945121928841,100.0,0.0,4552.577616928751
3960.0,231.6621827005808,100.0,0.0,4552.6079865614365
3962.0,232.37924347232058,100.0,0.0,4552.638356194122
3964.0,233.09630424406038,100.0,0.0,4552.6687258268075
3966.0,233.81336501580017,100.0,0.0,4552.699095459493
3968.0,234.33791070897703,100.0,0.0,4552.7295273805985
3970.0,234.79351682956886,100.0,0.0,4552.759901121971
3972.0,235.2490619011725,100.0,0.0,4552.790270793412
3974.0,235.7046069727761,100.0,0.0,4552.820640464852
3976.0,236.16015204437974,100.0,0.0,4552.851010136292
3978.0,236.61569711598335,100.0,0.0,4552.881379807733
3980.0,237.11665660088258,100.0,0.0,4552.911666264035
3982.0,237.86259578947377,100.0,0.0,4552.941503831579
3984.0,238.60853497806497,100.0,0.0,4552.971341399123
3986.0,239.3508181350838,100.0,0.0,4553.001032725403
3988.0,240.08604041177634,100.0,0.0,4553.030441616471
3990.0,240.82126268846883,100.0,0.0,4553.059850507539
3992.0,241.55648496516136,100.0,0.0,4553.089259398606
3994.0,242.29170724185386,100.0,0.0,4553.118668289674
3996.0,243.02492230629827,100.0,0.0,4553.147996892252
3998.0,243.7566879300897,100.0,0.0,4553.177267517203
4000.0,244.29209165862304,100.0,0.0,4553.206472777241
4002.0,244.72968215843252,100.0,0.0,4553.235645477229
4004.0,245.167272658242,100.0,0.0,4553.2648181772165
4006.0,245.6048631580515,100.0,0.0,4553.293990877203
4008.0,246.04245365786096,100.0,0.0,4553.323163577191
4010.0,246.4791486264879,100.0,0.0,4553.3522765750995
4012.0,246.91551468295614,100.0,0.0,4553.38136764553
4014.0,247.19431057563594,100.0,0.0,4553.410317269076
4016.0,247.43527443105765,100.0,0.0,4553.439232931727
4018.0,247.67623828647933,100.0,0.0,4553.468148594377
4020.0,247.91720214190104,100.0,0.0,4553.497064257028
4022.0,248.15816599732273,100.0,0.0,4553.525979919679
4024.0,248.3991298527444,100.0,0.0,4553.55489558233
4026.0,248.64009370816612,100.0,0.0,4553.58381124498
4028.0,248.8810575635878,100.0,0.0,4553.6127269076305
4030.0,249.30131892491497,100.0,0.0,4553.641463308396
4032.0,249.89635355447766,100.0,0.0,4553.6700249706155
4034.0,250.48609461491466,100.0,0.0,4553.698332541516
4036.0,251.075648578018,100.0,0.0,4553.726631131745
4038.0,251.6652025411213,100.0,0.0,4553.754929721974
4040.0,252.25475650422462,100.0,0.0,4553.783228312203
4042.0,252.84431046732792,100.0,0.0,4553.811526902432
4044.0,253.43386443043124,100.0,0.0,4553.839825492661
4046.0,254.00560139337693,100.0,0.0,4553.868120278676
4048.0,254.1465453436961,100.0,0.0,4553.896309068738
4050.0,254.28718778123087,100.0,0.0,4553.924437556246
4052.0,254.42783021876568,100.0,0.0,4553.952566043753
4054.0,254.56847265630046,100.0,0.0,4553.98069453126
4056.0,254.70911509383527,100.0,0.0,4554.008823018767
4058.0,254.84975753137005,100.0,0.0,4554.036951506274
4060.0,254.99039996890485,100.0,0.0,4554.065079993781
4062.0,255.13104240643963,100.0,0.0,4554.0932084812885
4064.0,255.27168484397444,100.0,0.0,4554.121336968795
4066.0,255.41232728150922,100.0,0.0,4554.149465456302
4068.0,255.55293100614227,100.0,0.0,4554.177586201229
4070.0,255.6934083019342,100.0,0.0,4554.205681660387
4072.0,255.83388559772612,100.0,0.0,4554.233777119545
4074.0,255.97436289351805,100.0,0.0,4554.261872578703
4076.0,256.0817954419122,100.0,0.0,4554.289902723735
4078.0,256.1818510283491,100.0,0.0,4554.317918287938
4080.0,256.28190661478607,100.0,0.0,4554.34593385214
4082.0,256.38196220122296,100.0,0.0,4554.373949416342
4084.0,256.48201778765986,100.0,0.0,4554.401964980544
4086.0,256.58207337409675,100.0,0.0,4554.429980544747
4088.0,256.6821289605337,100.0,0.0,4554.457996108949
4090.0,256.7821845469706,100.0,0.0,4554.486011673152
4092.0,256.8822401334075,100.0,0.0,4554.514027237354
4094.0,256.9822957198444,100.0,0.0,4554.542042801556
4096.0,257.32614404746676,100.0,0.0,4554.569830083323
4098.0,257.72178957366276,100.0,0.0,4554.597525270156
4100.0,258.11545441275246,100.0,0.0,4554.625081808893
4102.0,258.5091192518422,100.0,0.0,4554.652638347629
4104.0,258.9027840909319,100.0,0.0,4554.680194886366
4106.0,259.29644893002165,100.0,0.0,4554.707751425101
4108.0,259.6901137691114,100.0,0.0,4554.735307963838
4110.0,260.08380752216505,100.0,0.0,4554.762866526552
4112.0,260.4775395169372,100.0,0.0,4554.7904277661855
4114.0,260.8712715117094,100.0,0.0,4554.81798900582
4116.0,261.0,100.0,0.0,4554.8455900019
4118.0,261.0,100.0,0.0,4554.873210310128
4120.0,261.0,100.0,0.0,4554.900830618357
4122.0,261.0,100.0,0.0,4554.928405628957
4124.0,261.0,100.0,0.0,4554.955954242742
4126.0,261.0,100.0,0.0,4554.983502856528
4128.0,261.32980950074324,100.0,0.0,4555.010746284053
4130.0,261.7075741213842,100.0,0.0,4555.0379453367395
4132.0,262.0853387420252,100.0,0.0,4555.065144389426
4134.0,262.46310336266623,100.0,0.0,4555.092343442112
4136.0,262.84086798330725,100.0,0.0,4555.119542494798
4138.0,263.21863260394827,100.0,0.0,4555.146741547484
4140.0,263.5963972245893,100.0,0.0,4555.173940600171
4142.0,263.97416184523024,100.0,0.0,4555.201139652857
4144.0,264.34887159206977,100.0,0.0,4555.22811875463
4146.0,264.72184406295827,100.0,0.0,4555.254972772533
4148.0,265.0948165338467,100.0,0.0,4555.281826790437
4150.0,265.46778900473515,100.0,0.0,4555.308680808341
4152.0,265.84076147562365,100.0,0.0,4555.335534826245
4154.0,266.22970671442494,100.0,0.0,4555.362313780962
4156.0,266.627901207171,100.0,0.0,4555.3888600804785
4158.0,267.02481904235356,100.0,0.0,4555.41532126949
4160.0,267.4217368775361,100.0,0.0,4555.4417824585025
4162.0,267.81865471271857,100.0,0.0,4555.468243647515
4164.0,268.2155725479011,100.0,0.0,4555.494704836527
4166.0,268.61249038308364,100.0,0.0,4555.521166025539
4168.0,269.0094082182662,100.0,0.0,4555.547627214551
4170.0,269.4063260534487,100.0,0.0,4555.574088403563
4172.0,269.80324388863124,100.0,0.0,4555.600549592576
4174.0,270.2001617238138,100.0,0.0,4555.627010781587
4176.0,270.5970795589963,100.0,0.0,4555.6534719706
4178.0,270.99399739417885,100.0,0.0,4555.679933159612
4180.0,271.3909152293613,100.0,0.0,4555.706394348624
4182.0,271.78767200071724,100.0,0.0,4555.732844800048
4184.0,272.1517335766424,100.0,0.0,4555.759138686131
4186.0,272.4802007299271,100.0,0.0,4555.785416058395
4188.0,272.80866788321174,100.0,0.0,4555.811693430657
4190.0,273.13713503649643,100.0,0.0,4555.83797080292
4192.0,273.4656021897811,100.0,0.0,4555.864248175183
4194.0,273.79406934306576,100.0,0.0,4555.890525547446
4196.0,274.0,100.0,0.0,4555.916802919708
4198.0,274.0,100.0,0.0,4555.943080291971
4200.0,274.0,100.0,0.0,4555.969357664234
4202.0,274.0,100.0,0.0,4555.995635036496
4204.0,274.0,100.0,0.0,4556.021912408759
4206.0,274.0,100.0,0.0,4556.048189781022
4208.0,274.0932391411619,100.0,0.0,4556.074428032899
4210.0,274.4205467432646,100.0,0.0,4556.100503502185
4212.0,274.7466656749417,100.0,0.0,4556.126484317366
4214.0,275.0727846066189,100.0,0.0,4556.152465132547
4216.0,275.398903538296,100.0,0.0,4556.178445947728
4218.0,275.72502246997317,100.0,0.0,4556.204426762909
4220.0,276.0511414016503,100.0,0.0,4556.230407578089
4222.0,276.37726033332746,100.0,0.0,4556.256388393271
4224.0,276.7032508811812,100.0,0.0,4556.282358980537
4226.0,277.0,99.85552076935727,0.0,4556.308321299639
4228.0,277.0,98.23771289902159,0.0,4556.334314079422
4230.0,277.0,96.61990502868589,0.0,4556.360306859206
4232.0,277.0,95.00209715835021,0.0,4556.386299638989
4234.0,277.0,93.38428928801451,0.0,4556.412292418772
4236.0,277.0,91.76648141767883,0.0,4556.438285198556
4238.0,277.0,90.14867354734315,0.0,4556.464277978339
4240.0,277.0,88.53086567700745,0.0,4556.490270758122
4242.0,277.0,86.91305780667177,0.0,4556.516263537906
4244.0,277.0,85.29524993633609,0.0,4556.542256317689
4246.0,276.924139234316,83.25520238926782,0.0,4556.568241014391
4248.0,276.83134319066585,81.12089338531436,0.0,4556.5942239066135
4250.0,276.7385471470157,78.98658438136091,0.0,4556.620206798835
4252.0,276.64575110336557,76.85227537740745,0.0,4556.646189691058
4254.0,276.5529550597154,74.717966373454,0.0,4556.6721725832795
4256.0,276.46015901606523,72.58365736950054,0.0,4556.698155475501
4258.0,276.3673629724151,70.4493483655471,0.0,4556.724138367724
4260.0,276.2737630209476,68.29654948179505,0.0,4556.750346354134
4262.0,276.17987458849916,66.13711553548076,0.0,4556.77663511522
4264.0,276.0859861560507,63.977681589166465,0.0,4556.802923876306
4266.0,275.9437310777577,62.10003363954182,0.0,4556.82925075689
4268.0,275.2751894273534,63.28855212914949,0.0,4556.855992422906
4270.0,274.6066477769491,64.47707061875715,0.0,4556.882734088922
4272.0,273.93810612654477,65.66558910836483,0.0,4556.909475754938
4274.0,273.26956447614043,66.8541075979725,0.0,4556.936217420954
4276.0,272.60102282573615,68.04262608758016,0.0,4556.96295908697
4278.0,271.925899166106,69.24284592692263,0.0,4556.989964033355
4280.0,271.24794538708005,70.44809708963541,0.0,4557.017082184517
4282.0,270.5699916080541,71.65334825234821,0.0,4557.0442003356775
4284.0,269.8920378290282,72.858599415061,0.0,4557.071318486838
4286.0,269.21408405000227,74.06385057777378,0.0,4557.098436638
4288.0,268.5361302709763,75.26910174048656,0.0,4557.125554789161
4290.0,267.85817649195036,76.47435290319935,0.0,4557.152672940322
4292.0,267.18022271292443,77.67960406591213,0.0,4557.179791091483
4294.0,266.9171914116525,79.40774600190768,0.0,4557.206874061203
4296.0,266.8043987828023,81.32522069236094,0.0,4557.2339442921275
4298.0,266.69161153848,83.24260384584001,0.0,4557.261013230765
4300.0,266.57883346453303,85.15983110293901,0.0,4557.288079968512
4302.0,266.466055390586,87.07705836003802,0.0,4557.315146706259
4304.0,266.353277316639,88.99428561713704,0.0,4557.342213444006
4306.0,266.240499242692,90.91151287423605,0.0,4557.369280181754
4308.0,266.127721168745,92.82874013133505,0.0,4557.396346919501
4310.0,266.014943094798,94.74596738843407,0.0,4557.423413657249
4312.0,265.91591607094705,95.33633571621174,0.0,4557.450543500135
4314.0,265.8189401708438,95.7242393166248,0.0,4557.477696752163
4316.0,265.7218137292993,96.11274508280293,0.0,4557.504892155796
4318.0,265.62468728775474,96.50125084898106,0.0,4557.532087559429
4320.0,265.5275608462102,96.88975661515919,0.0,4557.559282963061
4322.0,265.4304344046657,97.27826238133731,0.0,4557.586478366694
4324.0,265.3333079631211,97.66676814751544,0.0,4557.613673770326
4326.0,265.2362616091831,98.05495356326746,0.0,4557.640846749429
4328.0,265.1393558562995,98.44257657480186,0.0,4557.6679803602365
4330.0,265.04245010341594,98.83019958633626,0.0,4557.695113971044
4332.0,265.0758491571887,99.03792457859437,0.0,4557.722169831438
4334.0,265.21082541318447,99.10541270659222,0.0,4557.749165082637
4336.0,265.34580166918016,99.17290083459008,0.0,4557.776160333836
4338.0,265.48077792517586,99.24038896258793,0.0,4557.803155585035
4340.0,265.6157541811716,99.30787709058579,0.0,4557.830150836235
4342.0,265.7507304371673,99.37536521858365,0.0,4557.857146087434
4344.0,265.885706693163,99.4428533465815,0.0,4557.884141338633
4346.0,266.02068294915875,99.51034147457936,0.0,4557.911136589832
4348.0,266.155572384393,99.5777861921965,0.0,4557.938114476879
4350.0,266.2902200087977,99.64511000439886,0.0,4557.965044001759
4352.0,266.42486763320244,99.7124338166012,0.0,4557.99197352664
4354.0,266.55951525760713,99.77975762880357,0.0,4558.018903051521
4356.0,266.6941628820118,99.84708144100593,0.0,4558.045832576402
4358.0,266.8288105064166,99.91440525320829,0.0,4558.072762101283
4360.0,266.96345813082127,99.98172906541065,0.0,4558.099691626164
4362.0,267.0,100.0,0.0,4558.126637448332
4364.0,267.0,100.0,0.0,4558.153591569358
4366.0,267.0,100.0,0.0,4558.180545690384
4368.0,267.0,100.0,0.0,4558.207499811409
4370.0,267.0,100.0,0.0,4558.234453932435
4372.0,267.0,100.0,0.0,4558.2614166977955
4374.0,267.0,100.0,0.0,4558.288393205373
4376.0,267.0,100.0,0.0,4558.31536971295
4378.0,267.0,100.0,0.0,4558.342346220527
4380.0,267.0,100.0,0.0,4558.369322728105
4382.0,267.0,100.0,0.0,4558.396299235682
4384.0,267.0,100.0,0.0,4558.423275743259
4386.0,267.0,100.0,0.0,4558.450265677072
4388.0,267.0,100.0,0.0,4558.477257761332
4390.0,267.0,100.0,0.0,4558.504231235121
4392.0,267.0,100.0,0.0,4558.531185406833
4394.0,267.0,100.0,0.0,4558.558139578546
4396.0,267.0,100.0,0.0,4558.585093750257
4398.0,267.0,100.0,0.0,4558.61204792197
4400.0,267.0747189017921,100.0,0.0,4558.6389550242875
4402.0,267.2425218003893,100.0,0.0,4558.665803488063
4404.0,267.4095125973896,100.0,0.0,4558.692522015583
4406.0,267.5763084883753,100.0,0.0,4558.71920935814
4408.0,267.7431043793609,100.0,0.0,4558.745896700698
4410.0,267.90990027034655,100.0,0.0,4558.772584043256
4412.0,268.0766961613322,100.0,0.0,4558.799271385813
4414.0,268.2434920523179,100.0,0.0,4558.825958728371
4416.0,268.4102879433035,100.0,0.0,4558.852646070928
4418.0,268.57708383428917,100.0,0.0,4558.879333413486
4420.0,268.74360401987065,100.0,0.0,4558.905976643179
4422.0,268.90991006570164,100.0,0.0,4558.9325856105115
4424.0,269.07621611153263,100.0,0.0,4558.959194577845
4426.0,269.2425221573637,100.0,0.0,4558.985803545178
4428.0,269.4088282031947,100.0,0.0,4559.012412512511
4430.0,269.57513424902567,100.0,0.0,4559.0390214798435
4432.0,269.7414402948567,100.0,0.0,4559.065630447177
4434.0,269.9077463406877,100.0,0.0,4559.09223941451
4436.0,270.05930291723604,100.0,0.0,4559.118860583447
4438.0,270.19249359224455,100.0,0.0,4559.145498718449
4440.0,270.325684267253,100.0,0.0,4559.172136853451
4442.0,270.45887494226145,100.0,0.0,4559.198774988452
4444.0,270.59206561726995,100.0,0.0,4559.225413123454
4446.0,270.7245339426577,100.0,0.0,4559.251906788531
4448.0,270.8568105608293,100.0,0.0,4559.278362112165
4450.0,270.9890871790009,100.0,0.0,4559.3048174358
4452.0,271.5128160713563,100.0,0.0,4559.330931416663
4454.0,272.0717436695645,100.0,0.0,4559.357014704579
4456.0,272.63067126777275,100.0,0.0,4559.383097992496
4458.0,273.18959886598094,100.0,0.0,4559.409181280412
4460.0,273.7485264641892,100.0,0.0,4559.435264568328
4462.0,274.30745406239737,100.0,0.0,4559.461347856245
4464.0,274.86344697907344,100.0,0.0,4559.487294192357
4466.0,275.4177159763593,100.0,0.0,4559.513160078896
4468.0,275.9719849736452,100.0,0.0,4559.539025965437
4470.0,276.5262539709311,100.0,0.0,4559.564891851977
4472.0,277.03514887214743,100.0,0.0,4559.590749213029
4474.0,277.2770913955328,100.0,0.0,4559.6165564155235
4476.0,277.5190339189181,100.0,0.0,4559.642363618018
4478.0,277.7609764423035,100.0,0.0,4559.668170820512
4480.0,278.0029189656888,100.0,0.0,4559.693978023007
4482.0,278.24486148907414,100.0,0.0,4559.719785225501
4484.0,278.4868040124595,100.0,0.0,4559.745592427996
4486.0,278.727339414817,100.0,0.0,4559.771249537581
4488.0,278.96750181491444,100.0,0.0,4559.796866860258
4490.0,279.2076642150119,100.0,0.0,4559.822484182935
4492.0,279.44782661510936,100.0,0.0,4559.848101505612
4494.0,279.6879890152068,100.0,0.0,4559.8737188282885
4496.0,279.9281514153043,100.0,0.0,4559.899336150966
4498.0,280.3692355510821,100.0,0.0,4559.9247233064525
4500.0,280.8960877048255,100.0,0.0,4559.950012209832
4502.0,281.42293985856895,100.0,0.0,4559.975301113212
4504.0,281.94979201231234,100.0,0.0,4560.000590016591
4506.0,282.4766441660558,100.0,0.0,4560.025878919971
4508.0,283.00349631979924,100.0,0.0,4560.051167823351
4510.0,283.53034847354263,100.0,0.0,4560.07645672673
4512.0,284.0572006272861,100.0,0.0,4560.10174563011
4514.0,284.58179855906616,100.0,0.0,4560.126926330835
4516.0,285.09421829507494,100.0,0.0,4560.152024975737
4518.0,285.5633550340372,100.0,0.0,4560.177045601815
4520.0,286.0324917729995,100.0,0.0,4560.202066227893
4522.0,286.50162851196177,100.0,0.0,4560.227086853971
4524.0,286.97076525092405,100.0,0.0,4560.252107480049
4526.0,287.43948219988044,100.0,0.0,4560.277105717327
4528.0,287.90690496578986,100.0,0.0,4560.302034931508
4530.0,288.1486954586863,100.0,0.0,4560.326826061158
4532.0,288.3343713696368,100.0,0.0,4560.351582849285
4534.0,288.52004728058733,100.0,0.0,4560.376339637412
4536.0,288.7057231915379,100.0,0.0,4560.4010964255385
4538.0,288.89139910248844,100.0,0.0,4560.4258532136655
4540.0,289.07707501343896,100.0,0.0,4560.450610001792
4542.0,289.2627509243895,100.0,0.0,4560.475366789919
4544.0,289.44842683534006,100.0,0.0,4560.5001235780455
4546.0,289.6341027462906,100.0,0.0,4560.5248803661725
4548.0,289.8197786572411,100.0,0.0,4560.549637154299
4550.0,290.0054545681916,100.0,0.0,4560.574393942426
4552.0,290.19113047914215,100.0,0.0,4560.5991507305525
4554.0,290.3768063900927,100.0,0.0,4560.6239075186795
4556.0,290.5620743626426,100.0,0.0,4560.64860991502
4558.0,290.7471785418709,100.0,0.0,4560.673290472249
4560.0,290.9322827210991,100.0,0.0,4560.69797102948
4562.0,291.0977311643836,100.0,0.0,4560.722636986302
4564.0,291.2518407534247,100.0,0.0,4560.747294520548
4566.0,291.4059503424658,100.0,0.0,4560.771952054794
4568.0,291.5600599315069,100.0,0.0,4560.7966095890415
4570.0,291.71416952054796,100.0,0.0,4560.821267123288
4572.0,291.868279109589,100.0,0.0,4560.845924657535
4574.0,292.0297592234534,100.0,0.0,4560.870571106814
4576.0,292.2346028265746,100.0,0.0,4560.895152339189
4578.0,292.43944642969575,100.0,0.0,4560.9197335715635
4580.0,292.6437279752634,100.0,0.0,4560.944247357032
4582.0,292.84753393131183,100.0,0.0,4560.968704071757
4584.0,293.05133988736026,100.0,0.0,4560.993160786483
4586.0,293.2551458434086,100.0,0.0,4561.017617501208
4588.0,293.45895179945705,100.0,0.0,4561.042074215935
4590.0,293.6627577555055,100.0,0.0,4561.0665309306605
4592.0,293.8665637115539,100.0,0.0,4561.090987645386
4594.0,294.0930080333198,100.0,0.0,4561.115370722999
4596.0,294.36237965033587,100.0,0.0,4561.13961416853
4598.0,294.631751267352,100.0,0.0,4561.163857614061
4600.0,294.9011228843681,100.0,0.0,4561.188101059593
4602.0,295.1704945013842,100.0,0.0,4561.212344505125
4604.0,295.43951118490224,100.0,0.0,4561.236556006641
4606.0,295.70734291521245,100.0,0.0,4561.260660862369
4608.0,295.9751746455227,100.0,0.0,4561.284765718096
4610.0,296.243006375833,100.0,0.0,4561.308870573825
4612.0,296.5108381061432,100.0,0.0,4561.332975429553
4614.0,296.77866983645345,100.0,0.0,4561.35708028528
4616.0,297.0465015667637,100.0,0.0,4561.381185141008
4618.0,297.3146028250051,100.0,0.0,4561.40531425425
4620.0,297.58288920425724,100.0,0.0,4561.429460028383
4622.0,297.85117558350936,100.0,0.0,4561.453605802515
4624.0,298.0,100.0,0.0,4561.477758389261
4626.0,298.0,100.0,0.0,4561.501919463087
4628.0,298.0,100.0,0.0,4561.526080536913
4630.0,298.0,100.0,0.0,4561.550241610738
4632.0,298.0,100.0,0.0,4561.574402684564
4634.0,298.0,100.0,0.0,4561.59856375839
4636.0,298.0,100.0,0.0,4561.622724832215
4638.0,298.2749004286752,100.0,0.0,4561.6467927757885
